Rank,Z1_Vehicles,Z2_Distance,Z3_WaitTime,Z4_LoadBalance,Z5_Makespan,Unserved,Num_Routes,ASF,ASF_aug,In_ROI,Routes
1,10,828.9369,0.0,50.0,1234.8075,0,10,15.047021,15.053716,True,20-24-25-27-29-30-28-26-23-22-21|67-65-63-62-74-72-61-64-68-66-69|43-42-41-40-44-46-45-48-51-50-52-49-47|90-87-86-83-82-84-85-88-89-91|98-96-95-94-92-93-97-100-99|81-78-76-71-70-73-77-79-80|5-3-7-8-10-11-9-6-4-2-1-75|57-55-54-53-56-58-60-59|32-33-31-35-37-38-39-36-34|13-17-18-19-15-16-14-12
2,10,828.9369,0.0,50.0,1234.8075,0,10,15.047021,15.053716,True,20-24-25-27-29-30-28-26-23-22-21|67-65-63-62-74-72-61-64-68-66-69|43-42-41-40-44-46-45-48-51-50-52-49-47|90-87-86-83-82-84-85-88-89-91|98-96-95-94-92-93-97-100-99|81-78-76-71-70-73-77-79-80|5-3-7-8-10-11-9-6-4-2-1-75|57-55-54-53-56-58-60-59|32-33-31-35-37-38-39-36-34|13-17-18-19-15-16-14-12
3,10,828.9369,0.0,50.0,1234.8075,0,10,15.047021,15.053716,True,20-24-25-27-29-30-28-26-23-22-21|67-65-63-62-74-72-61-64-68-66-69|43-42-41-40-44-46-45-48-51-50-52-49-47|90-87-86-83-82-84-85-88-89-91|98-96-95-94-92-93-97-100-99|81-78-76-71-70-73-77-79-80|5-3-7-8-10-11-9-6-4-2-1-75|57-55-54-53-56-58-60-59|32-33-31-35-37-38-39-36-34|13-17-18-19-15-16-14-12
4,10,828.9369,0.0,50.0,1234.8075,0,10,15.047021,15.053716,True,20-24-25-27-29-30-28-26-23-22-21|67-65-63-62-74-72-61-64-68-66-69|43-42-41-40-44-46-45-48-51-50-52-49-47|90-87-86-83-82-84-85-88-89-91|98-96-95-94-92-93-97-100-99|81-78-76-71-70-73-77-79-80|5-3-7-8-10-11-9-6-4-2-1-75|57-55-54-53-56-58-60-59|32-33-31-35-37-38-39-36-34|13-17-18-19-15-16-14-12
5,10,828.9369,0.0,50.0,1234.8075,0,10,15.047021,15.053716,True,20-24-25-27-29-30-28-26-23-22-21|67-65-63-62-74-72-61-64-68-66-69|43-42-41-40-44-46-45-48-51-50-52-49-47|90-87-86-83-82-84-85-88-89-91|98-96-95-94-92-93-97-100-99|81-78-76-71-70-73-77-79-80|5-3-7-8-10-11-9-6-4-2-1-75|57-55-54-53-56-58-60-59|32-33-31-35-37-38-39-36-34|13-17-18-19-15-16-14-12
6,10,828.9369,0.0,50.0,1234.8075,0,10,15.047021,15.053716,True,20-24-25-27-29-30-28-26-23-22-21|67-65-63-62-74-72-61-64-68-66-69|43-42-41-40-44-46-45-48-51-50-52-49-47|90-87-86-83-82-84-85-88-89-91|98-96-95-94-92-93-97-100-99|81-78-76-71-70-73-77-79-80|57-55-54-53-56-58-60-59|32-33-31-35-37-38-39-36-34|13-17-18-19-15-16-14-12|5-3-7-8-10-11-9-6-4-2-1-75
7,10,828.9369,0.0,50.0,1234.8075,0,10,15.047021,15.053716,True,20-24-25-27-29-30-28-26-23-22-21|67-65-63-62-74-72-61-64-68-66-69|43-42-41-40-44-46-45-48-51-50-52-49-47|90-87-86-83-82-84-85-88-89-91|98-96-95-94-92-93-97-100-99|81-78-76-71-70-73-77-79-80|5-3-7-8-10-11-9-6-4-2-1-75|57-55-54-53-56-58-60-59|32-33-31-35-37-38-39-36-34|13-17-18-19-15-16-14-12
8,10,828.9369,0.0,50.0,1234.8075,0,10,15.047021,15.053716,True,20-24-25-27-29-30-28-26-23-22-21|67-65-63-62-74-72-61-64-68-66-69|43-42-41-40-44-46-45-48-51-50-52-49-47|90-87-86-83-82-84-85-88-89-91|98-96-95-94-92-93-97-100-99|81-78-76-71-70-73-77-79-80|5-3-7-8-10-11-9-6-4-2-1-75|57-55-54-53-56-58-60-59|32-33-31-35-37-38-39-36-34|13-17-18-19-15-16-14-12
9,10,828.9369,0.0,50.0,1234.8075,0,10,15.047021,15.053716,True,20-24-25-27-29-30-28-26-23-22-21|67-65-63-62-74-72-61-64-68-66-69|43-42-41-40-44-46-45-48-51-50-52-49-47|90-87-86-83-82-84-85-88-89-91|98-96-95-94-92-93-97-100-99|81-78-76-71-70-73-77-79-80|57-55-54-53-56-58-60-59|32-33-31-35-37-38-39-36-34|13-17-18-19-15-16-14-12|5-3-7-8-10-11-9-6-4-2-1-75
10,10,828.9369,0.0,50.0,1234.8075,0,10,15.047021,15.053716,True,20-24-25-27-29-30-28-26-23-22-21|67-65-63-62-74-72-61-64-68-66-69|43-42-41-40-44-46-45-48-51-50-52-49-47|90-87-86-83-82-84-85-88-89-91|98-96-95-94-92-93-97-100-99|81-78-76-71-70-73-77-79-80|57-55-54-53-56-58-60-59|32-33-31-35-37-38-39-36-34|13-17-18-19-15-16-14-12|5-3-7-8-10-11-9-6-4-2-1-75
11,10,828.9369,0.0,50.0,1234.8075,0,10,15.047021,15.053716,True,20-24-25-27-29-30-28-26-23-22-21|67-65-63-62-74-72-61-64-68-66-69|43-42-41-40-44-46-45-48-51-50-52-49-47|90-87-86-83-82-84-85-88-89-91|98-96-95-94-92-93-97-100-99|81-78-76-71-70-73-77-79-80|5-3-7-8-10-11-9-6-4-2-1-75|57-55-54-53-56-58-60-59|32-33-31-35-37-38-39-36-34|13-17-18-19-15-16-14-12
12,10,828.9369,0.0,50.0,1234.8075,0,10,15.047021,15.053716,True,20-24-25-27-29-30-28-26-23-22-21|67-65-63-62-74-72-61-64-68-66-69|43-42-41-40-44-46-45-48-51-50-52-49-47|90-87-86-83-82-84-85-88-89-91|98-96-95-94-92-93-97-100-99|81-78-76-71-70-73-77-79-80|5-3-7-8-10-11-9-6-4-2-1-75|57-55-54-53-56-58-60-59|32-33-31-35-37-38-39-36-34|13-17-18-19-15-16-14-12
13,10,828.9369,0.0,50.0,1234.8075,0,10,15.047021,15.053716,True,20-24-25-27-29-30-28-26-23-22-21|67-65-63-62-74-72-61-64-68-66-69|43-42-41-40-44-46-45-48-51-50-52-49-47|90-87-86-83-82-84-85-88-89-91|98-96-95-94-92-93-97-100-99|81-78-76-71-70-73-77-79-80|5-3-7-8-10-11-9-6-4-2-1-75|57-55-54-53-56-58-60-59|32-33-31-35-37-38-39-36-34|13-17-18-19-15-16-14-12
14,10,828.9369,0.0,50.0,1234.8075,0,10,15.047021,15.053716,True,20-24-25-27-29-30-28-26-23-22-21|67-65-63-62-74-72-61-64-68-66-69|43-42-41-40-44-46-45-48-51-50-52-49-47|90-87-86-83-82-84-85-88-89-91|98-96-95-94-92-93-97-100-99|81-78-76-71-70-73-77-79-80|5-3-7-8-10-11-9-6-4-2-1-75|57-55-54-53-56-58-60-59|32-33-31-35-37-38-39-36-34|13-17-18-19-15-16-14-12
15,10,828.9369,0.0,50.0,1234.8075,0,10,15.047021,15.053716,True,20-24-25-27-29-30-28-26-23-22-21|67-65-63-62-74-72-61-64-68-66-69|43-42-41-40-44-46-45-48-51-50-52-49-47|90-87-86-83-82-84-85-88-89-91|98-96-95-94-92-93-97-100-99|81-78-76-71-70-73-77-79-80|57-55-54-53-56-58-60-59|32-33-31-35-37-38-39-36-34|13-17-18-19-15-16-14-12|5-3-7-8-10-11-9-6-4-2-1-75
16,10,828.9369,0.0,50.0,1234.8075,0,10,15.047021,15.053716,True,20-24-25-27-29-30-28-26-23-22-21|67-65-63-62-74-72-61-64-68-66-69|43-42-41-40-44-46-45-48-51-50-52-49-47|90-87-86-83-82-84-85-88-89-91|98-96-95-94-92-93-97-100-99|81-78-76-71-70-73-77-79-80|5-3-7-8-10-11-9-6-4-2-1-75|57-55-54-53-56-58-60-59|32-33-31-35-37-38-39-36-34|13-17-18-19-15-16-14-12
17,10,828.9369,0.0,50.0,1234.8075,0,10,15.047021,15.053716,True,20-24-25-27-29-30-28-26-23-22-21|67-65-63-62-74-72-61-64-68-66-69|43-42-41-40-44-46-45-48-51-50-52-49-47|90-87-86-83-82-84-85-88-89-91|98-96-95-94-92-93-97-100-99|81-78-76-71-70-73-77-79-80|5-3-7-8-10-11-9-6-4-2-1-75|57-55-54-53-56-58-60-59|32-33-31-35-37-38-39-36-34|13-17-18-19-15-16-14-12
18,10,828.9369,0.0,50.0,1234.8075,0,10,15.047021,15.053716,True,20-24-25-27-29-30-28-26-23-22-21|67-65-63-62-74-72-61-64-68-66-69|43-42-41-40-44-46-45-48-51-50-52-49-47|90-87-86-83-82-84-85-88-89-91|98-96-95-94-92-93-97-100-99|81-78-76-71-70-73-77-79-80|5-3-7-8-10-11-9-6-4-2-1-75|57-55-54-53-56-58-60-59|32-33-31-35-37-38-39-36-34|13-17-18-19-15-16-14-12
19,10,828.9369,0.0,50.0,1234.8075,0,10,15.047021,15.053716,True,20-24-25-27-29-30-28-26-23-22-21|67-65-63-62-74-72-61-64-68-66-69|43-42-41-40-44-46-45-48-51-50-52-49-47|90-87-86-83-82-84-85-88-89-91|98-96-95-94-92-93-97-100-99|81-78-76-71-70-73-77-79-80|5-3-7-8-10-11-9-6-4-2-1-75|57-55-54-53-56-58-60-59|32-33-31-35-37-38-39-36-34|13-17-18-19-15-16-14-12
20,10,828.9369,0.0,50.0,1234.8075,0,10,15.047021,15.053716,True,20-24-25-27-29-30-28-26-23-22-21|67-65-63-62-74-72-61-64-68-66-69|43-42-41-40-44-46-45-48-51-50-52-49-47|90-87-86-83-82-84-85-88-89-91|98-96-95-94-92-93-97-100-99|81-78-76-71-70-73-77-79-80|57-55-54-53-56-58-60-59|32-33-31-35-37-38-39-36-34|13-17-18-19-15-16-14-12|5-3-7-8-10-11-9-6-4-2-1-75
21,10,828.9369,0.0,50.0,1234.8075,0,10,15.047021,15.053716,True,20-24-25-27-29-30-28-26-23-22-21|67-65-63-62-74-72-61-64-68-66-69|43-42-41-40-44-46-45-48-51-50-52-49-47|90-87-86-83-82-84-85-88-89-91|98-96-95-94-92-93-97-100-99|81-78-76-71-70-73-77-79-80|5-3-7-8-10-11-9-6-4-2-1-75|57-55-54-53-56-58-60-59|32-33-31-35-37-38-39-36-34|13-17-18-19-15-16-14-12
22,10,828.9369,0.0,50.0,1234.8075,0,10,15.047021,15.053716,True,20-24-25-27-29-30-28-26-23-22-21|67-65-63-62-74-72-61-64-68-66-69|43-42-41-40-44-46-45-48-51-50-52-49-47|90-87-86-83-82-84-85-88-89-91|98-96-95-94-92-93-97-100-99|81-78-76-71-70-73-77-79-80|57-55-54-53-56-58-60-59|32-33-31-35-37-38-39-36-34|13-17-18-19-15-16-14-12|5-3-7-8-10-11-9-6-4-2-1-75
23,10,828.9369,0.0,50.0,1234.8075,0,10,15.047021,15.053716,True,20-24-25-27-29-30-28-26-23-22-21|67-65-63-62-74-72-61-64-68-66-69|43-42-41-40-44-46-45-48-51-50-52-49-47|90-87-86-83-82-84-85-88-89-91|98-96-95-94-92-93-97-100-99|81-78-76-71-70-73-77-79-80|5-3-7-8-10-11-9-6-4-2-1-75|57-55-54-53-56-58-60-59|32-33-31-35-37-38-39-36-34|13-17-18-19-15-16-14-12
24,10,828.9369,0.0,50.0,1234.8075,0,10,15.047021,15.053716,True,20-24-25-27-29-30-28-26-23-22-21|67-65-63-62-74-72-61-64-68-66-69|43-42-41-40-44-46-45-48-51-50-52-49-47|90-87-86-83-82-84-85-88-89-91|98-96-95-94-92-93-97-100-99|81-78-76-71-70-73-77-79-80|5-3-7-8-10-11-9-6-4-2-1-75|57-55-54-53-56-58-60-59|32-33-31-35-37-38-39-36-34|13-17-18-19-15-16-14-12
25,10,828.9369,0.0,50.0,1234.8075,0,10,15.047021,15.053716,True,20-24-25-27-29-30-28-26-23-22-21|67-65-63-62-74-72-61-64-68-66-69|43-42-41-40-44-46-45-48-51-50-52-49-47|90-87-86-83-82-84-85-88-89-91|98-96-95-94-92-93-97-100-99|81-78-76-71-70-73-77-79-80|5-3-7-8-10-11-9-6-4-2-1-75|57-55-54-53-56-58-60-59|32-33-31-35-37-38-39-36-34|13-17-18-19-15-16-14-12
26,10,828.9369,0.0,50.0,1234.8075,0,10,15.047021,15.053716,True,20-24-25-27-29-30-28-26-23-22-21|67-65-63-62-74-72-61-64-68-66-69|43-42-41-40-44-46-45-48-51-50-52-49-47|90-87-86-83-82-84-85-88-89-91|98-96-95-94-92-93-97-100-99|81-78-76-71-70-73-77-79-80|5-3-7-8-10-11-9-6-4-2-1-75|57-55-54-53-56-58-60-59|32-33-31-35-37-38-39-36-34|13-17-18-19-15-16-14-12
27,10,828.9369,0.0,50.0,1234.8075,0,10,15.047021,15.053716,True,20-24-25-27-29-30-28-26-23-22-21|67-65-63-62-74-72-61-64-68-66-69|43-42-41-40-44-46-45-48-51-50-52-49-47|90-87-86-83-82-84-85-88-89-91|98-96-95-94-92-93-97-100-99|81-78-76-71-70-73-77-79-80|5-3-7-8-10-11-9-6-4-2-1-75|57-55-54-53-56-58-60-59|32-33-31-35-37-38-39-36-34|13-17-18-19-15-16-14-12
28,10,828.9369,0.0,50.0,1234.8075,0,10,15.047021,15.053716,True,20-24-25-27-29-30-28-26-23-22-21|67-65-63-62-74-72-61-64-68-66-69|43-42-41-40-44-46-45-48-51-50-52-49-47|90-87-86-83-82-84-85-88-89-91|98-96-95-94-92-93-97-100-99|81-78-76-71-70-73-77-79-80|5-3-7-8-10-11-9-6-4-2-1-75|57-55-54-53-56-58-60-59|32-33-31-35-37-38-39-36-34|13-17-18-19-15-16-14-12
29,10,828.9369,0.0,50.0,1234.8075,0,10,15.047021,15.053716,True,20-24-25-27-29-30-28-26-23-22-21|67-65-63-62-74-72-61-64-68-66-69|43-42-41-40-44-46-45-48-51-50-52-49-47|90-87-86-83-82-84-85-88-89-91|98-96-95-94-92-93-97-100-99|81-78-76-71-70-73-77-79-80|5-3-7-8-10-11-9-6-4-2-1-75|57-55-54-53-56-58-60-59|32-33-31-35-37-38-39-36-34|13-17-18-19-15-16-14-12
30,10,828.9369,0.0,50.0,1234.8075,0,10,15.047021,15.053716,True,20-24-25-27-29-30-28-26-23-22-21|67-65-63-62-74-72-61-64-68-66-69|43-42-41-40-44-46-45-48-51-50-52-49-47|90-87-86-83-82-84-85-88-89-91|98-96-95-94-92-93-97-100-99|81-78-76-71-70-73-77-79-80|57-55-54-53-56-58-60-59|32-33-31-35-37-38-39-36-34|13-17-18-19-15-16-14-12|5-3-7-8-10-11-9-6-4-2-1-75
31,10,828.9369,0.0,50.0,1234.8075,0,10,15.047021,15.053716,True,20-24-25-27-29-30-28-26-23-22-21|67-65-63-62-74-72-61-64-68-66-69|43-42-41-40-44-46-45-48-51-50-52-49-47|90-87-86-83-82-84-85-88-89-91|98-96-95-94-92-93-97-100-99|81-78-76-71-70-73-77-79-80|5-3-7-8-10-11-9-6-4-2-1-75|57-55-54-53-56-58-60-59|32-33-31-35-37-38-39-36-34|13-17-18-19-15-16-14-12
32,10,828.9369,0.0,50.0,1234.8075,0,10,15.047021,15.053716,True,20-24-25-27-29-30-28-26-23-22-21|67-65-63-62-74-72-61-64-68-66-69|43-42-41-40-44-46-45-48-51-50-52-49-47|90-87-86-83-82-84-85-88-89-91|98-96-95-94-92-93-97-100-99|81-78-76-71-70-73-77-79-80|57-55-54-53-56-58-60-59|32-33-31-35-37-38-39-36-34|13-17-18-19-15-16-14-12|5-3-7-8-10-11-9-6-4-2-1-75
33,10,828.9369,0.0,50.0,1234.8075,0,10,15.047021,15.053716,True,20-24-25-27-29-30-28-26-23-22-21|67-65-63-62-74-72-61-64-68-66-69|43-42-41-40-44-46-45-48-51-50-52-49-47|90-87-86-83-82-84-85-88-89-91|98-96-95-94-92-93-97-100-99|81-78-76-71-70-73-77-79-80|5-3-7-8-10-11-9-6-4-2-1-75|57-55-54-53-56-58-60-59|32-33-31-35-37-38-39-36-34|13-17-18-19-15-16-14-12
34,10,828.9369,0.0,50.0,1234.8075,0,10,15.047021,15.053716,True,20-24-25-27-29-30-28-26-23-22-21|67-65-63-62-74-72-61-64-68-66-69|43-42-41-40-44-46-45-48-51-50-52-49-47|90-87-86-83-82-84-85-88-89-91|98-96-95-94-92-93-97-100-99|81-78-76-71-70-73-77-79-80|5-3-7-8-10-11-9-6-4-2-1-75|57-55-54-53-56-58-60-59|32-33-31-35-37-38-39-36-34|13-17-18-19-15-16-14-12
35,10,828.9369,0.0,50.0,1234.8075,0,10,15.047021,15.053716,True,20-24-25-27-29-30-28-26-23-22-21|67-65-63-62-74-72-61-64-68-66-69|43-42-41-40-44-46-45-48-51-50-52-49-47|90-87-86-83-82-84-85-88-89-91|98-96-95-94-92-93-97-100-99|81-78-76-71-70-73-77-79-80|5-3-7-8-10-11-9-6-4-2-1-75|57-55-54-53-56-58-60-59|32-33-31-35-37-38-39-36-34|13-17-18-19-15-16-14-12
36,10,828.9369,0.0,50.0,1234.8075,0,10,15.047021,15.053716,True,20-24-25-27-29-30-28-26-23-22-21|67-65-63-62-74-72-61-64-68-66-69|43-42-41-40-44-46-45-48-51-50-52-49-47|90-87-86-83-82-84-85-88-89-91|98-96-95-94-92-93-97-100-99|81-78-76-71-70-73-77-79-80|5-3-7-8-10-11-9-6-4-2-1-75|57-55-54-53-56-58-60-59|32-33-31-35-37-38-39-36-34|13-17-18-19-15-16-14-12
37,10,828.9369,0.0,50.0,1234.8075,0,10,15.047021,15.053716,True,20-24-25-27-29-30-28-26-23-22-21|67-65-63-62-74-72-61-64-68-66-69|43-42-41-40-44-46-45-48-51-50-52-49-47|90-87-86-83-82-84-85-88-89-91|98-96-95-94-92-93-97-100-99|81-78-76-71-70-73-77-79-80|5-3-7-8-10-11-9-6-4-2-1-75|57-55-54-53-56-58-60-59|32-33-31-35-37-38-39-36-34|13-17-18-19-15-16-14-12
38,10,828.9369,0.0,50.0,1234.8075,0,10,15.047021,15.053716,True,20-24-25-27-29-30-28-26-23-22-21|67-65-63-62-74-72-61-64-68-66-69|43-42-41-40-44-46-45-48-51-50-52-49-47|90-87-86-83-82-84-85-88-89-91|98-96-95-94-92-93-97-100-99|81-78-76-71-70-73-77-79-80|5-3-7-8-10-11-9-6-4-2-1-75|57-55-54-53-56-58-60-59|32-33-31-35-37-38-39-36-34|13-17-18-19-15-16-14-12
39,10,828.9369,0.0,50.0,1234.8075,0,10,15.047021,15.053716,True,20-24-25-27-29-30-28-26-23-22-21|67-65-63-62-74-72-61-64-68-66-69|43-42-41-40-44-46-45-48-51-50-52-49-47|90-87-86-83-82-84-85-88-89-91|98-96-95-94-92-93-97-100-99|81-78-76-71-70-73-77-79-80|5-3-7-8-10-11-9-6-4-2-1-75|57-55-54-53-56-58-60-59|32-33-31-35-37-38-39-36-34|13-17-18-19-15-16-14-12
40,10,828.9369,0.0,50.0,1234.8075,0,10,15.047021,15.053716,True,20-24-25-27-29-30-28-26-23-22-21|67-65-63-62-74-72-61-64-68-66-69|43-42-41-40-44-46-45-48-51-50-52-49-47|90-87-86-83-82-84-85-88-89-91|98-96-95-94-92-93-97-100-99|81-78-76-71-70-73-77-79-80|5-3-7-8-10-11-9-6-4-2-1-75|57-55-54-53-56-58-60-59|32-33-31-35-37-38-39-36-34|13-17-18-19-15-16-14-12
41,10,828.9369,0.0,50.0,1234.8075,0,10,15.047021,15.053716,True,20-24-25-27-29-30-28-26-23-22-21|67-65-63-62-74-72-61-64-68-66-69|43-42-41-40-44-46-45-48-51-50-52-49-47|90-87-86-83-82-84-85-88-89-91|98-96-95-94-92-93-97-100-99|81-78-76-71-70-73-77-79-80|5-3-7-8-10-11-9-6-4-2-1-75|57-55-54-53-56-58-60-59|32-33-31-35-37-38-39-36-34|13-17-18-19-15-16-14-12
42,10,828.9369,0.0,50.0,1234.8075,0,10,15.047021,15.053716,True,20-24-25-27-29-30-28-26-23-22-21|67-65-63-62-74-72-61-64-68-66-69|43-42-41-40-44-46-45-48-51-50-52-49-47|90-87-86-83-82-84-85-88-89-91|98-96-95-94-92-93-97-100-99|81-78-76-71-70-73-77-79-80|57-55-54-53-56-58-60-59|32-33-31-35-37-38-39-36-34|13-17-18-19-15-16-14-12|5-3-7-8-10-11-9-6-4-2-1-75
43,10,828.9369,0.0,50.0,1234.8075,0,10,15.047021,15.053716,True,20-24-25-27-29-30-28-26-23-22-21|67-65-63-62-74-72-61-64-68-66-69|43-42-41-40-44-46-45-48-51-50-52-49-47|90-87-86-83-82-84-85-88-89-91|98-96-95-94-92-93-97-100-99|81-78-76-71-70-73-77-79-80|5-3-7-8-10-11-9-6-4-2-1-75|57-55-54-53-56-58-60-59|32-33-31-35-37-38-39-36-34|13-17-18-19-15-16-14-12
44,10,828.9369,0.0,50.0,1234.8075,0,10,15.047021,15.053716,True,20-24-25-27-29-30-28-26-23-22-21|67-65-63-62-74-72-61-64-68-66-69|43-42-41-40-44-46-45-48-51-50-52-49-47|90-87-86-83-82-84-85-88-89-91|98-96-95-94-92-93-97-100-99|81-78-76-71-70-73-77-79-80|57-55-54-53-56-58-60-59|32-33-31-35-37-38-39-36-34|13-17-18-19-15-16-14-12|5-3-7-8-10-11-9-6-4-2-1-75
45,10,828.9369,0.0,50.0,1234.8075,0,10,15.047021,15.053716,True,20-24-25-27-29-30-28-26-23-22-21|67-65-63-62-74-72-61-64-68-66-69|43-42-41-40-44-46-45-48-51-50-52-49-47|90-87-86-83-82-84-85-88-89-91|98-96-95-94-92-93-97-100-99|81-78-76-71-70-73-77-79-80|5-3-7-8-10-11-9-6-4-2-1-75|57-55-54-53-56-58-60-59|32-33-31-35-37-38-39-36-34|13-17-18-19-15-16-14-12
46,10,828.9369,0.0,50.0,1234.8075,0,10,15.047021,15.053716,True,20-24-25-27-29-30-28-26-23-22-21|67-65-63-62-74-72-61-64-68-66-69|43-42-41-40-44-46-45-48-51-50-52-49-47|90-87-86-83-82-84-85-88-89-91|98-96-95-94-92-93-97-100-99|81-78-76-71-70-73-77-79-80|5-3-7-8-10-11-9-6-4-2-1-75|57-55-54-53-56-58-60-59|32-33-31-35-37-38-39-36-34|13-17-18-19-15-16-14-12
47,10,828.9369,0.0,50.0,1234.8075,0,10,15.047021,15.053716,True,20-24-25-27-29-30-28-26-23-22-21|67-65-63-62-74-72-61-64-68-66-69|43-42-41-40-44-46-45-48-51-50-52-49-47|90-87-86-83-82-84-85-88-89-91|98-96-95-94-92-93-97-100-99|81-78-76-71-70-73-77-79-80|5-3-7-8-10-11-9-6-4-2-1-75|57-55-54-53-56-58-60-59|32-33-31-35-37-38-39-36-34|13-17-18-19-15-16-14-12
48,10,828.9369,0.0,50.0,1234.8075,0,10,15.047021,15.053716,True,20-24-25-27-29-30-28-26-23-22-21|67-65-63-62-74-72-61-64-68-66-69|43-42-41-40-44-46-45-48-51-50-52-49-47|90-87-86-83-82-84-85-88-89-91|98-96-95-94-92-93-97-100-99|81-78-76-71-70-73-77-79-80|5-3-7-8-10-11-9-6-4-2-1-75|57-55-54-53-56-58-60-59|32-33-31-35-37-38-39-36-34|13-17-18-19-15-16-14-12
49,10,828.9369,0.0,50.0,1234.8075,0,10,15.047021,15.053716,True,20-24-25-27-29-30-28-26-23-22-21|67-65-63-62-74-72-61-64-68-66-69|43-42-41-40-44-46-45-48-51-50-52-49-47|90-87-86-83-82-84-85-88-89-91|98-96-95-94-92-93-97-100-99|81-78-76-71-70-73-77-79-80|5-3-7-8-10-11-9-6-4-2-1-75|57-55-54-53-56-58-60-59|32-33-31-35-37-38-39-36-34|13-17-18-19-15-16-14-12
50,10,828.9369,0.0,50.0,1234.8075,0,10,15.047021,15.053716,True,20-24-25-27-29-30-28-26-23-22-21|67-65-63-62-74-72-61-64-68-66-69|43-42-41-40-44-46-45-48-51-50-52-49-47|90-87-86-83-82-84-85-88-89-91|98-96-95-94-92-93-97-100-99|81-78-76-71-70-73-77-79-80|5-3-7-8-10-11-9-6-4-2-1-75|57-55-54-53-56-58-60-59|32-33-31-35-37-38-39-36-34|13-17-18-19-15-16-14-12
51,10,828.9369,0.0,50.0,1234.8075,0,10,15.047021,15.053716,True,20-24-25-27-29-30-28-26-23-22-21|67-65-63-62-74-72-61-64-68-66-69|43-42-41-40-44-46-45-48-51-50-52-49-47|90-87-86-83-82-84-85-88-89-91|98-96-95-94-92-93-97-100-99|81-78-76-71-70-73-77-79-80|5-3-7-8-10-11-9-6-4-2-1-75|57-55-54-53-56-58-60-59|32-33-31-35-37-38-39-36-34|13-17-18-19-15-16-14-12
52,10,828.9369,0.0,50.0,1234.8075,0,10,15.047021,15.053716,True,20-24-25-27-29-30-28-26-23-22-21|67-65-63-62-74-72-61-64-68-66-69|43-42-41-40-44-46-45-48-51-50-52-49-47|90-87-86-83-82-84-85-88-89-91|98-96-95-94-92-93-97-100-99|81-78-76-71-70-73-77-79-80|5-3-7-8-10-11-9-6-4-2-1-75|57-55-54-53-56-58-60-59|32-33-31-35-37-38-39-36-34|13-17-18-19-15-16-14-12
53,10,828.9369,0.0,50.0,1234.8075,0,10,15.047021,15.053716,True,20-24-25-27-29-30-28-26-23-22-21|67-65-63-62-74-72-61-64-68-66-69|43-42-41-40-44-46-45-48-51-50-52-49-47|90-87-86-83-82-84-85-88-89-91|98-96-95-94-92-93-97-100-99|81-78-76-71-70-73-77-79-80|32-33-31-35-37-38-39-36-34|13-17-18-19-15-16-14-12|5-3-7-8-10-11-9-6-4-2-1-75|57-55-54-53-56-58-60-59
54,10,828.9369,0.0,50.0,1234.8075,0,10,15.047021,15.053716,True,20-24-25-27-29-30-28-26-23-22-21|67-65-63-62-74-72-61-64-68-66-69|43-42-41-40-44-46-45-48-51-50-52-49-47|90-87-86-83-82-84-85-88-89-91|98-96-95-94-92-93-97-100-99|81-78-76-71-70-73-77-79-80|5-3-7-8-10-11-9-6-4-2-1-75|57-55-54-53-56-58-60-59|32-33-31-35-37-38-39-36-34|13-17-18-19-15-16-14-12
55,10,828.9369,0.0,50.0,1234.8075,0,10,15.047021,15.053716,True,20-24-25-27-29-30-28-26-23-22-21|67-65-63-62-74-72-61-64-68-66-69|43-42-41-40-44-46-45-48-51-50-52-49-47|90-87-86-83-82-84-85-88-89-91|98-96-95-94-92-93-97-100-99|81-78-76-71-70-73-77-79-80|5-3-7-8-10-11-9-6-4-2-1-75|57-55-54-53-56-58-60-59|32-33-31-35-37-38-39-36-34|13-17-18-19-15-16-14-12
56,10,828.9369,0.0,50.0,1234.8075,0,10,15.047021,15.053716,True,20-24-25-27-29-30-28-26-23-22-21|67-65-63-62-74-72-61-64-68-66-69|43-42-41-40-44-46-45-48-51-50-52-49-47|90-87-86-83-82-84-85-88-89-91|98-96-95-94-92-93-97-100-99|81-78-76-71-70-73-77-79-80|5-3-7-8-10-11-9-6-4-2-1-75|57-55-54-53-56-58-60-59|32-33-31-35-37-38-39-36-34|13-17-18-19-15-16-14-12
57,10,828.9369,0.0,50.0,1234.8075,0,10,15.047021,15.053716,True,20-24-25-27-29-30-28-26-23-22-21|67-65-63-62-74-72-61-64-68-66-69|43-42-41-40-44-46-45-48-51-50-52-49-47|90-87-86-83-82-84-85-88-89-91|98-96-95-94-92-93-97-100-99|81-78-76-71-70-73-77-79-80|5-3-7-8-10-11-9-6-4-2-1-75|57-55-54-53-56-58-60-59|32-33-31-35-37-38-39-36-34|13-17-18-19-15-16-14-12
58,10,828.9369,0.0,50.0,1234.8075,0,10,15.047021,15.053716,True,20-24-25-27-29-30-28-26-23-22-21|67-65-63-62-74-72-61-64-68-66-69|43-42-41-40-44-46-45-48-51-50-52-49-47|90-87-86-83-82-84-85-88-89-91|98-96-95-94-92-93-97-100-99|81-78-76-71-70-73-77-79-80|57-55-54-53-56-58-60-59|32-33-31-35-37-38-39-36-34|13-17-18-19-15-16-14-12|5-3-7-8-10-11-9-6-4-2-1-75
59,10,828.9369,0.0,50.0,1234.8075,0,10,15.047021,15.053716,True,20-24-25-27-29-30-28-26-23-22-21|67-65-63-62-74-72-61-64-68-66-69|43-42-41-40-44-46-45-48-51-50-52-49-47|90-87-86-83-82-84-85-88-89-91|98-96-95-94-92-93-97-100-99|81-78-76-71-70-73-77-79-80|5-3-7-8-10-11-9-6-4-2-1-75|57-55-54-53-56-58-60-59|32-33-31-35-37-38-39-36-34|13-17-18-19-15-16-14-12
60,10,828.9369,0.0,50.0,1234.8075,0,10,15.047021,15.053716,True,20-24-25-27-29-30-28-26-23-22-21|67-65-63-62-74-72-61-64-68-66-69|43-42-41-40-44-46-45-48-51-50-52-49-47|90-87-86-83-82-84-85-88-89-91|98-96-95-94-92-93-97-100-99|81-78-76-71-70-73-77-79-80|5-3-7-8-10-11-9-6-4-2-1-75|57-55-54-53-56-58-60-59|32-33-31-35-37-38-39-36-34|13-17-18-19-15-16-14-12
61,10,828.9369,0.0,50.0,1234.8075,0,10,15.047021,15.053716,True,20-24-25-27-29-30-28-26-23-22-21|67-65-63-62-74-72-61-64-68-66-69|43-42-41-40-44-46-45-48-51-50-52-49-47|90-87-86-83-82-84-85-88-89-91|98-96-95-94-92-93-97-100-99|81-78-76-71-70-73-77-79-80|5-3-7-8-10-11-9-6-4-2-1-75|57-55-54-53-56-58-60-59|32-33-31-35-37-38-39-36-34|13-17-18-19-15-16-14-12
62,10,828.9369,0.0,50.0,1234.8075,0,10,15.047021,15.053716,True,20-24-25-27-29-30-28-26-23-22-21|67-65-63-62-74-72-61-64-68-66-69|43-42-41-40-44-46-45-48-51-50-52-49-47|90-87-86-83-82-84-85-88-89-91|98-96-95-94-92-93-97-100-99|81-78-76-71-70-73-77-79-80|5-3-7-8-10-11-9-6-4-2-1-75|57-55-54-53-56-58-60-59|32-33-31-35-37-38-39-36-34|13-17-18-19-15-16-14-12
63,10,828.9369,0.0,50.0,1234.8075,0,10,15.047021,15.053716,True,20-24-25-27-29-30-28-26-23-22-21|67-65-63-62-74-72-61-64-68-66-69|43-42-41-40-44-46-45-48-51-50-52-49-47|90-87-86-83-82-84-85-88-89-91|98-96-95-94-92-93-97-100-99|81-78-76-71-70-73-77-79-80|57-55-54-53-56-58-60-59|32-33-31-35-37-38-39-36-34|13-17-18-19-15-16-14-12|5-3-7-8-10-11-9-6-4-2-1-75
64,10,828.9369,0.0,50.0,1234.8075,0,10,15.047021,15.053716,True,20-24-25-27-29-30-28-26-23-22-21|67-65-63-62-74-72-61-64-68-66-69|43-42-41-40-44-46-45-48-51-50-52-49-47|90-87-86-83-82-84-85-88-89-91|98-96-95-94-92-93-97-100-99|81-78-76-71-70-73-77-79-80|5-3-7-8-10-11-9-6-4-2-1-75|57-55-54-53-56-58-60-59|32-33-31-35-37-38-39-36-34|13-17-18-19-15-16-14-12
65,10,828.9369,0.0,50.0,1234.8075,0,10,15.047021,15.053716,True,20-24-25-27-29-30-28-26-23-22-21|67-65-63-62-74-72-61-64-68-66-69|43-42-41-40-44-46-45-48-51-50-52-49-47|90-87-86-83-82-84-85-88-89-91|98-96-95-94-92-93-97-100-99|81-78-76-71-70-73-77-79-80|5-3-7-8-10-11-9-6-4-2-1-75|57-55-54-53-56-58-60-59|32-33-31-35-37-38-39-36-34|13-17-18-19-15-16-14-12
66,10,828.9369,0.0,50.0,1234.8075,0,10,15.047021,15.053716,True,20-24-25-27-29-30-28-26-23-22-21|67-65-63-62-74-72-61-64-68-66-69|43-42-41-40-44-46-45-48-51-50-52-49-47|90-87-86-83-82-84-85-88-89-91|98-96-95-94-92-93-97-100-99|81-78-76-71-70-73-77-79-80|57-55-54-53-56-58-60-59|32-33-31-35-37-38-39-36-34|13-17-18-19-15-16-14-12|5-3-7-8-10-11-9-6-4-2-1-75
67,10,828.9369,0.0,50.0,1234.8075,0,10,15.047021,15.053716,True,20-24-25-27-29-30-28-26-23-22-21|67-65-63-62-74-72-61-64-68-66-69|43-42-41-40-44-46-45-48-51-50-52-49-47|90-87-86-83-82-84-85-88-89-91|98-96-95-94-92-93-97-100-99|81-78-76-71-70-73-77-79-80|5-3-7-8-10-11-9-6-4-2-1-75|57-55-54-53-56-58-60-59|32-33-31-35-37-38-39-36-34|13-17-18-19-15-16-14-12
68,10,828.9369,0.0,50.0,1234.8075,0,10,15.047021,15.053716,True,20-24-25-27-29-30-28-26-23-22-21|67-65-63-62-74-72-61-64-68-66-69|43-42-41-40-44-46-45-48-51-50-52-49-47|90-87-86-83-82-84-85-88-89-91|98-96-95-94-92-93-97-100-99|81-78-76-71-70-73-77-79-80|5-3-7-8-10-11-9-6-4-2-1-75|57-55-54-53-56-58-60-59|32-33-31-35-37-38-39-36-34|13-17-18-19-15-16-14-12
69,10,828.9369,0.0,50.0,1234.8075,0,10,15.047021,15.053716,True,20-24-25-27-29-30-28-26-23-22-21|67-65-63-62-74-72-61-64-68-66-69|43-42-41-40-44-46-45-48-51-50-52-49-47|90-87-86-83-82-84-85-88-89-91|98-96-95-94-92-93-97-100-99|81-78-76-71-70-73-77-79-80|5-3-7-8-10-11-9-6-4-2-1-75|57-55-54-53-56-58-60-59|32-33-31-35-37-38-39-36-34|13-17-18-19-15-16-14-12
70,10,828.9369,0.0,50.0,1234.8075,0,10,15.047021,15.053716,True,20-24-25-27-29-30-28-26-23-22-21|67-65-63-62-74-72-61-64-68-66-69|43-42-41-40-44-46-45-48-51-50-52-49-47|90-87-86-83-82-84-85-88-89-91|98-96-95-94-92-93-97-100-99|81-78-76-71-70-73-77-79-80|57-55-54-53-56-58-60-59|32-33-31-35-37-38-39-36-34|13-17-18-19-15-16-14-12|5-3-7-8-10-11-9-6-4-2-1-75
71,10,828.9369,0.0,50.0,1234.8075,0,10,15.047021,15.053716,True,20-24-25-27-29-30-28-26-23-22-21|67-65-63-62-74-72-61-64-68-66-69|43-42-41-40-44-46-45-48-51-50-52-49-47|90-87-86-83-82-84-85-88-89-91|98-96-95-94-92-93-97-100-99|81-78-76-71-70-73-77-79-80|5-3-7-8-10-11-9-6-4-2-1-75|57-55-54-53-56-58-60-59|32-33-31-35-37-38-39-36-34|13-17-18-19-15-16-14-12
72,10,828.9369,0.0,50.0,1234.8075,0,10,15.047021,15.053716,True,20-24-25-27-29-30-28-26-23-22-21|67-65-63-62-74-72-61-64-68-66-69|43-42-41-40-44-46-45-48-51-50-52-49-47|90-87-86-83-82-84-85-88-89-91|98-96-95-94-92-93-97-100-99|81-78-76-71-70-73-77-79-80|5-3-7-8-10-11-9-6-4-2-1-75|57-55-54-53-56-58-60-59|32-33-31-35-37-38-39-36-34|13-17-18-19-15-16-14-12
73,10,828.9369,0.0,50.0,1234.8075,0,10,15.047021,15.053716,True,20-24-25-27-29-30-28-26-23-22-21|67-65-63-62-74-72-61-64-68-66-69|43-42-41-40-44-46-45-48-51-50-52-49-47|90-87-86-83-82-84-85-88-89-91|98-96-95-94-92-93-97-100-99|81-78-76-71-70-73-77-79-80|5-3-7-8-10-11-9-6-4-2-1-75|57-55-54-53-56-58-60-59|32-33-31-35-37-38-39-36-34|13-17-18-19-15-16-14-12
74,10,828.9369,0.0,50.0,1234.8075,0,10,15.047021,15.053716,True,20-24-25-27-29-30-28-26-23-22-21|67-65-63-62-74-72-61-64-68-66-69|43-42-41-40-44-46-45-48-51-50-52-49-47|90-87-86-83-82-84-85-88-89-91|98-96-95-94-92-93-97-100-99|81-78-76-71-70-73-77-79-80|5-3-7-8-10-11-9-6-4-2-1-75|57-55-54-53-56-58-60-59|32-33-31-35-37-38-39-36-34|13-17-18-19-15-16-14-12
75,10,828.9369,0.0,50.0,1234.8075,0,10,15.047021,15.053716,True,20-24-25-27-29-30-28-26-23-22-21|67-65-63-62-74-72-61-64-68-66-69|43-42-41-40-44-46-45-48-51-50-52-49-47|90-87-86-83-82-84-85-88-89-91|98-96-95-94-92-93-97-100-99|81-78-76-71-70-73-77-79-80|5-3-7-8-10-11-9-6-4-2-1-75|57-55-54-53-56-58-60-59|32-33-31-35-37-38-39-36-34|13-17-18-19-15-16-14-12
76,10,828.9369,0.0,50.0,1234.8075,0,10,15.047021,15.053716,True,20-24-25-27-29-30-28-26-23-22-21|67-65-63-62-74-72-61-64-68-66-69|43-42-41-40-44-46-45-48-51-50-52-49-47|90-87-86-83-82-84-85-88-89-91|98-96-95-94-92-93-97-100-99|81-78-76-71-70-73-77-79-80|5-3-7-8-10-11-9-6-4-2-1-75|57-55-54-53-56-58-60-59|32-33-31-35-37-38-39-36-34|13-17-18-19-15-16-14-12
77,10,828.9369,0.0,50.0,1234.8075,0,10,15.047021,15.053716,True,20-24-25-27-29-30-28-26-23-22-21|67-65-63-62-74-72-61-64-68-66-69|43-42-41-40-44-46-45-48-51-50-52-49-47|90-87-86-83-82-84-85-88-89-91|98-96-95-94-92-93-97-100-99|81-78-76-71-70-73-77-79-80|5-3-7-8-10-11-9-6-4-2-1-75|57-55-54-53-56-58-60-59|32-33-31-35-37-38-39-36-34|13-17-18-19-15-16-14-12
78,10,828.9369,0.0,50.0,1234.8075,0,10,15.047021,15.053716,True,20-24-25-27-29-30-28-26-23-22-21|67-65-63-62-74-72-61-64-68-66-69|43-42-41-40-44-46-45-48-51-50-52-49-47|90-87-86-83-82-84-85-88-89-91|98-96-95-94-92-93-97-100-99|81-78-76-71-70-73-77-79-80|5-3-7-8-10-11-9-6-4-2-1-75|57-55-54-53-56-58-60-59|32-33-31-35-37-38-39-36-34|13-17-18-19-15-16-14-12
79,10,828.9369,0.0,50.0,1234.8075,0,10,15.047021,15.053716,True,20-24-25-27-29-30-28-26-23-22-21|67-65-63-62-74-72-61-64-68-66-69|43-42-41-40-44-46-45-48-51-50-52-49-47|90-87-86-83-82-84-85-88-89-91|98-96-95-94-92-93-97-100-99|81-78-76-71-70-73-77-79-80|5-3-7-8-10-11-9-6-4-2-1-75|57-55-54-53-56-58-60-59|32-33-31-35-37-38-39-36-34|13-17-18-19-15-16-14-12
80,10,828.9369,0.0,50.0,1234.8075,0,10,15.047021,15.053716,True,20-24-25-27-29-30-28-26-23-22-21|67-65-63-62-74-72-61-64-68-66-69|43-42-41-40-44-46-45-48-51-50-52-49-47|90-87-86-83-82-84-85-88-89-91|98-96-95-94-92-93-97-100-99|81-78-76-71-70-73-77-79-80|5-3-7-8-10-11-9-6-4-2-1-75|57-55-54-53-56-58-60-59|32-33-31-35-37-38-39-36-34|13-17-18-19-15-16-14-12
81,10,828.9369,0.0,50.0,1234.8075,0,10,15.047021,15.053716,True,20-24-25-27-29-30-28-26-23-22-21|67-65-63-62-74-72-61-64-68-66-69|43-42-41-40-44-46-45-48-51-50-52-49-47|90-87-86-83-82-84-85-88-89-91|98-96-95-94-92-93-97-100-99|81-78-76-71-70-73-77-79-80|5-3-7-8-10-11-9-6-4-2-1-75|57-55-54-53-56-58-60-59|32-33-31-35-37-38-39-36-34|13-17-18-19-15-16-14-12
82,10,828.9369,0.0,50.0,1234.8075,0,10,15.047021,15.053716,True,20-24-25-27-29-30-28-26-23-22-21|67-65-63-62-74-72-61-64-68-66-69|43-42-41-40-44-46-45-48-51-50-52-49-47|90-87-86-83-82-84-85-88-89-91|98-96-95-94-92-93-97-100-99|81-78-76-71-70-73-77-79-80|5-3-7-8-10-11-9-6-4-2-1-75|57-55-54-53-56-58-60-59|32-33-31-35-37-38-39-36-34|13-17-18-19-15-16-14-12
83,10,828.9369,0.0,50.0,1234.8075,0,10,15.047021,15.053716,True,20-24-25-27-29-30-28-26-23-22-21|67-65-63-62-74-72-61-64-68-66-69|43-42-41-40-44-46-45-48-51-50-52-49-47|90-87-86-83-82-84-85-88-89-91|98-96-95-94-92-93-97-100-99|81-78-76-71-70-73-77-79-80|57-55-54-53-56-58-60-59|32-33-31-35-37-38-39-36-34|13-17-18-19-15-16-14-12|5-3-7-8-10-11-9-6-4-2-1-75
84,10,828.9369,0.0,50.0,1234.8075,0,10,15.047021,15.053716,True,20-24-25-27-29-30-28-26-23-22-21|67-65-63-62-74-72-61-64-68-66-69|43-42-41-40-44-46-45-48-51-50-52-49-47|90-87-86-83-82-84-85-88-89-91|98-96-95-94-92-93-97-100-99|81-78-76-71-70-73-77-79-80|5-3-7-8-10-11-9-6-4-2-1-75|57-55-54-53-56-58-60-59|32-33-31-35-37-38-39-36-34|13-17-18-19-15-16-14-12
85,10,828.9369,0.0,50.0,1234.8075,0,10,15.047021,15.053716,True,20-24-25-27-29-30-28-26-23-22-21|67-65-63-62-74-72-61-64-68-66-69|43-42-41-40-44-46-45-48-51-50-52-49-47|90-87-86-83-82-84-85-88-89-91|98-96-95-94-92-93-97-100-99|81-78-76-71-70-73-77-79-80|5-3-7-8-10-11-9-6-4-2-1-75|57-55-54-53-56-58-60-59|32-33-31-35-37-38-39-36-34|13-17-18-19-15-16-14-12
86,10,828.9369,0.0,50.0,1234.8075,0,10,15.047021,15.053716,True,20-24-25-27-29-30-28-26-23-22-21|67-65-63-62-74-72-61-64-68-66-69|43-42-41-40-44-46-45-48-51-50-52-49-47|90-87-86-83-82-84-85-88-89-91|98-96-95-94-92-93-97-100-99|81-78-76-71-70-73-77-79-80|5-3-7-8-10-11-9-6-4-2-1-75|57-55-54-53-56-58-60-59|32-33-31-35-37-38-39-36-34|13-17-18-19-15-16-14-12
87,10,828.9369,0.0,50.0,1234.8075,0,10,15.047021,15.053716,True,20-24-25-27-29-30-28-26-23-22-21|67-65-63-62-74-72-61-64-68-66-69|43-42-41-40-44-46-45-48-51-50-52-49-47|90-87-86-83-82-84-85-88-89-91|98-96-95-94-92-93-97-100-99|81-78-76-71-70-73-77-79-80|5-3-7-8-10-11-9-6-4-2-1-75|57-55-54-53-56-58-60-59|32-33-31-35-37-38-39-36-34|13-17-18-19-15-16-14-12
88,10,828.9369,0.0,50.0,1234.8075,0,10,15.047021,15.053716,True,20-24-25-27-29-30-28-26-23-22-21|67-65-63-62-74-72-61-64-68-66-69|43-42-41-40-44-46-45-48-51-50-52-49-47|90-87-86-83-82-84-85-88-89-91|98-96-95-94-92-93-97-100-99|81-78-76-71-70-73-77-79-80|5-3-7-8-10-11-9-6-4-2-1-75|57-55-54-53-56-58-60-59|32-33-31-35-37-38-39-36-34|13-17-18-19-15-16-14-12
89,10,828.9369,0.0,50.0,1234.8075,0,10,15.047021,15.053716,True,20-24-25-27-29-30-28-26-23-22-21|67-65-63-62-74-72-61-64-68-66-69|43-42-41-40-44-46-45-48-51-50-52-49-47|90-87-86-83-82-84-85-88-89-91|98-96-95-94-92-93-97-100-99|81-78-76-71-70-73-77-79-80|5-3-7-8-10-11-9-6-4-2-1-75|57-55-54-53-56-58-60-59|32-33-31-35-37-38-39-36-34|13-17-18-19-15-16-14-12
90,10,828.9369,0.0,50.0,1234.8075,0,10,15.047021,15.053716,True,20-24-25-27-29-30-28-26-23-22-21|67-65-63-62-74-72-61-64-68-66-69|43-42-41-40-44-46-45-48-51-50-52-49-47|90-87-86-83-82-84-85-88-89-91|98-96-95-94-92-93-97-100-99|81-78-76-71-70-73-77-79-80|5-3-7-8-10-11-9-6-4-2-1-75|57-55-54-53-56-58-60-59|32-33-31-35-37-38-39-36-34|13-17-18-19-15-16-14-12
91,10,828.9369,0.0,50.0,1234.8075,0,10,15.047021,15.053716,True,20-24-25-27-29-30-28-26-23-22-21|67-65-63-62-74-72-61-64-68-66-69|43-42-41-40-44-46-45-48-51-50-52-49-47|90-87-86-83-82-84-85-88-89-91|98-96-95-94-92-93-97-100-99|81-78-76-71-70-73-77-79-80|5-3-7-8-10-11-9-6-4-2-1-75|57-55-54-53-56-58-60-59|32-33-31-35-37-38-39-36-34|13-17-18-19-15-16-14-12
92,10,828.9369,0.0,50.0,1234.8075,0,10,15.047021,15.053716,True,20-24-25-27-29-30-28-26-23-22-21|67-65-63-62-74-72-61-64-68-66-69|43-42-41-40-44-46-45-48-51-50-52-49-47|90-87-86-83-82-84-85-88-89-91|98-96-95-94-92-93-97-100-99|81-78-76-71-70-73-77-79-80|5-3-7-8-10-11-9-6-4-2-1-75|57-55-54-53-56-58-60-59|32-33-31-35-37-38-39-36-34|13-17-18-19-15-16-14-12
93,10,828.9369,0.0,50.0,1234.8075,0,10,15.047021,15.053716,True,20-24-25-27-29-30-28-26-23-22-21|67-65-63-62-74-72-61-64-68-66-69|43-42-41-40-44-46-45-48-51-50-52-49-47|90-87-86-83-82-84-85-88-89-91|98-96-95-94-92-93-97-100-99|81-78-76-71-70-73-77-79-80|5-3-7-8-10-11-9-6-4-2-1-75|57-55-54-53-56-58-60-59|32-33-31-35-37-38-39-36-34|13-17-18-19-15-16-14-12
94,10,828.9369,0.0,50.0,1234.8075,0,10,15.047021,15.053716,True,20-24-25-27-29-30-28-26-23-22-21|67-65-63-62-74-72-61-64-68-66-69|43-42-41-40-44-46-45-48-51-50-52-49-47|90-87-86-83-82-84-85-88-89-91|98-96-95-94-92-93-97-100-99|81-78-76-71-70-73-77-79-80|5-3-7-8-10-11-9-6-4-2-1-75|57-55-54-53-56-58-60-59|32-33-31-35-37-38-39-36-34|13-17-18-19-15-16-14-12
95,10,828.9369,0.0,50.0,1234.8075,0,10,15.047021,15.053716,True,20-24-25-27-29-30-28-26-23-22-21|67-65-63-62-74-72-61-64-68-66-69|43-42-41-40-44-46-45-48-51-50-52-49-47|90-87-86-83-82-84-85-88-89-91|98-96-95-94-92-93-97-100-99|81-78-76-71-70-73-77-79-80|5-3-7-8-10-11-9-6-4-2-1-75|57-55-54-53-56-58-60-59|32-33-31-35-37-38-39-36-34|13-17-18-19-15-16-14-12
96,10,828.9369,0.0,50.0,1234.8075,0,10,15.047021,15.053716,True,20-24-25-27-29-30-28-26-23-22-21|67-65-63-62-74-72-61-64-68-66-69|43-42-41-40-44-46-45-48-51-50-52-49-47|90-87-86-83-82-84-85-88-89-91|98-96-95-94-92-93-97-100-99|81-78-76-71-70-73-77-79-80|5-3-7-8-10-11-9-6-4-2-1-75|57-55-54-53-56-58-60-59|32-33-31-35-37-38-39-36-34|13-17-18-19-15-16-14-12
97,10,828.9369,0.0,50.0,1234.8075,0,10,15.047021,15.053716,True,20-24-25-27-29-30-28-26-23-22-21|67-65-63-62-74-72-61-64-68-66-69|43-42-41-40-44-46-45-48-51-50-52-49-47|90-87-86-83-82-84-85-88-89-91|98-96-95-94-92-93-97-100-99|81-78-76-71-70-73-77-79-80|5-3-7-8-10-11-9-6-4-2-1-75|57-55-54-53-56-58-60-59|32-33-31-35-37-38-39-36-34|13-17-18-19-15-16-14-12
98,10,828.9369,0.0,50.0,1234.8075,0,10,15.047021,15.053716,True,20-24-25-27-29-30-28-26-23-22-21|67-65-63-62-74-72-61-64-68-66-69|43-42-41-40-44-46-45-48-51-50-52-49-47|90-87-86-83-82-84-85-88-89-91|98-96-95-94-92-93-97-100-99|81-78-76-71-70-73-77-79-80|5-3-7-8-10-11-9-6-4-2-1-75|57-55-54-53-56-58-60-59|32-33-31-35-37-38-39-36-34|13-17-18-19-15-16-14-12
99,10,828.9369,0.0,50.0,1234.8075,0,10,15.047021,15.053716,True,20-24-25-27-29-30-28-26-23-22-21|67-65-63-62-74-72-61-64-68-66-69|43-42-41-40-44-46-45-48-51-50-52-49-47|90-87-86-83-82-84-85-88-89-91|98-96-95-94-92-93-97-100-99|81-78-76-71-70-73-77-79-80|5-3-7-8-10-11-9-6-4-2-1-75|57-55-54-53-56-58-60-59|32-33-31-35-37-38-39-36-34|13-17-18-19-15-16-14-12
100,10,828.9369,0.0,50.0,1234.8075,0,10,15.047021,15.053716,True,20-24-25-27-29-30-28-26-23-22-21|67-65-63-62-74-72-61-64-68-66-69|43-42-41-40-44-46-45-48-51-50-52-49-47|90-87-86-83-82-84-85-88-89-91|98-96-95-94-92-93-97-100-99|81-78-76-71-70-73-77-79-80|5-3-7-8-10-11-9-6-4-2-1-75|57-55-54-53-56-58-60-59|32-33-31-35-37-38-39-36-34|13-17-18-19-15-16-14-12
101,10,828.9369,0.0,50.0,1234.8075,0,10,15.047021,15.053716,True,20-24-25-27-29-30-28-26-23-22-21|67-65-63-62-74-72-61-64-68-66-69|43-42-41-40-44-46-45-48-51-50-52-49-47|90-87-86-83-82-84-85-88-89-91|98-96-95-94-92-93-97-100-99|81-78-76-71-70-73-77-79-80|5-3-7-8-10-11-9-6-4-2-1-75|57-55-54-53-56-58-60-59|32-33-31-35-37-38-39-36-34|13-17-18-19-15-16-14-12
102,10,833.2427,0.0,40.0,1234.8075,0,10,15.047021,15.054008,True,20-24-25-27-29-30-28-26-23-22-21|90-87-86-83-82-84-85-88-89-91|32-33-31-35-37-38-39-36-34|81-78-76-71-70-73-77-79-80-69|43-42-41-40-44-46-45-48-51-50-52-49-47|5-3-7-8-10-11-9-6-4-2-1-75|98-96-95-94-92-93-97-100-99|57-55-54-53-56-58-60-59|13-17-18-19-15-16-14-12|67-65-63-62-74-72-61-64-68-66
103,10,833.2427,0.0,40.0,1234.8075,0,10,15.047021,15.054008,True,98-96-95-94-92-93-97-100-99|20-24-25-27-29-30-28-26-23-22-21|81-78-76-71-70-73-77-79-80-69|90-87-86-83-82-84-85-88-89-91|5-3-7-8-10-11-9-6-4-2-1-75|43-42-41-40-44-46-45-48-51-50-52-49-47|67-65-63-62-74-72-61-64-68-66|57-55-54-53-56-58-60-59|32-33-31-35-37-38-39-36-34|13-17-18-19-15-16-14-12
104,10,849.6407,0.0,50.0,1143.9891,0,10,1.424264,1.423547,True,98-96-95-94-92-93-97-100-99|20-24-25-27-29-30-28-26-23-22-21|81-78-76-71-70-73-77-79-80-69-47|90-87-86-83-82-84-85-88-89-91|5-3-7-8-10-11-9-6-4-2-1-75|43-42-41-40-44-46-45-48-51-50-52-49|67-65-63-62-74-72-61-64-68-66|57-55-54-53-56-58-60-59|32-33-31-35-37-38-39-36-34|13-17-18-19-15-16-14-12
105,10,849.6407,0.0,50.0,1143.9891,0,10,1.424264,1.423547,True,98-96-95-94-92-93-97-100-99|20-24-25-27-29-30-28-26-23-22-21|81-78-76-71-70-73-77-79-80-69-47|90-87-86-83-82-84-85-88-89-91|5-3-7-8-10-11-9-6-4-2-1-75|43-42-41-40-44-46-45-48-51-50-52-49|67-65-63-62-74-72-61-64-68-66|57-55-54-53-56-58-60-59|32-33-31-35-37-38-39-36-34|13-17-18-19-15-16-14-12
106,10,849.6407,0.0,50.0,1143.9891,0,10,1.424264,1.423547,True,98-96-95-94-92-93-97-100-99|20-24-25-27-29-30-28-26-23-22-21|81-78-76-71-70-73-77-79-80-69-47|90-87-86-83-82-84-85-88-89-91|5-3-7-8-10-11-9-6-4-2-1-75|43-42-41-40-44-46-45-48-51-50-52-49|67-65-63-62-74-72-61-64-68-66|57-55-54-53-56-58-60-59|32-33-31-35-37-38-39-36-34|13-17-18-19-15-16-14-12
107,10,849.6407,0.0,50.0,1143.9891,0,10,1.424264,1.423547,True,98-96-95-94-92-93-97-100-99|20-24-25-27-29-30-28-26-23-22-21|81-78-76-71-70-73-77-79-80-69-47|90-87-86-83-82-84-85-88-89-91|5-3-7-8-10-11-9-6-4-2-1-75|43-42-41-40-44-46-45-48-51-50-52-49|67-65-63-62-74-72-61-64-68-66|57-55-54-53-56-58-60-59|32-33-31-35-37-38-39-36-34|13-17-18-19-15-16-14-12
108,10,849.6407,0.0,50.0,1143.9891,0,10,1.424264,1.423547,True,98-96-95-94-92-93-97-100-99|20-24-25-27-29-30-28-26-23-22-21|81-78-76-71-70-73-77-79-80-69-47|90-87-86-83-82-84-85-88-89-91|5-3-7-8-10-11-9-6-4-2-1-75|43-42-41-40-44-46-45-48-51-50-52-49|67-65-63-62-74-72-61-64-68-66|57-55-54-53-56-58-60-59|32-33-31-35-37-38-39-36-34|13-17-18-19-15-16-14-12
109,10,849.6407,0.0,50.0,1143.9891,0,10,1.424264,1.423547,True,98-96-95-94-92-93-97-100-99|20-24-25-27-29-30-28-26-23-22-21|81-78-76-71-70-73-77-79-80-69-47|90-87-86-83-82-84-85-88-89-91|5-3-7-8-10-11-9-6-4-2-1-75|43-42-41-40-44-46-45-48-51-50-52-49|67-65-63-62-74-72-61-64-68-66|57-55-54-53-56-58-60-59|32-33-31-35-37-38-39-36-34|13-17-18-19-15-16-14-12
110,10,849.6407,0.0,50.0,1143.9891,0,10,1.424264,1.423547,True,98-96-95-94-92-93-97-100-99|20-24-25-27-29-30-28-26-23-22-21|81-78-76-71-70-73-77-79-80-69-47|90-87-86-83-82-84-85-88-89-91|5-3-7-8-10-11-9-6-4-2-1-75|43-42-41-40-44-46-45-48-51-50-52-49|67-65-63-62-74-72-61-64-68-66|57-55-54-53-56-58-60-59|32-33-31-35-37-38-39-36-34|13-17-18-19-15-16-14-12
111,10,849.6407,0.0,50.0,1143.9891,0,10,1.424264,1.423547,True,98-96-95-94-92-93-97-100-99|20-24-25-27-29-30-28-26-23-22-21|81-78-76-71-70-73-77-79-80-69-47|90-87-86-83-82-84-85-88-89-91|5-3-7-8-10-11-9-6-4-2-1-75|43-42-41-40-44-46-45-48-51-50-52-49|67-65-63-62-74-72-61-64-68-66|57-55-54-53-56-58-60-59|32-33-31-35-37-38-39-36-34|13-17-18-19-15-16-14-12
112,10,849.6407,0.0,50.0,1143.9891,0,10,1.424264,1.423547,True,98-96-95-94-92-93-97-100-99|20-24-25-27-29-30-28-26-23-22-21|81-78-76-71-70-73-77-79-80-69-47|90-87-86-83-82-84-85-88-89-91|5-3-7-8-10-11-9-6-4-2-1-75|43-42-41-40-44-46-45-48-51-50-52-49|67-65-63-62-74-72-61-64-68-66|57-55-54-53-56-58-60-59|32-33-31-35-37-38-39-36-34|13-17-18-19-15-16-14-12
113,10,849.6407,0.0,50.0,1143.9891,0,10,1.424264,1.423547,True,98-96-95-94-92-93-97-100-99|20-24-25-27-29-30-28-26-23-22-21|81-78-76-71-70-73-77-79-80-69-47|90-87-86-83-82-84-85-88-89-91|5-3-7-8-10-11-9-6-4-2-1-75|43-42-41-40-44-46-45-48-51-50-52-49|67-65-63-62-74-72-61-64-68-66|57-55-54-53-56-58-60-59|32-33-31-35-37-38-39-36-34|13-17-18-19-15-16-14-12
114,10,849.6407,0.0,50.0,1143.9891,0,10,1.424264,1.423547,True,98-96-95-94-92-93-97-100-99|20-24-25-27-29-30-28-26-23-22-21|81-78-76-71-70-73-77-79-80-69-47|90-87-86-83-82-84-85-88-89-91|5-3-7-8-10-11-9-6-4-2-1-75|43-42-41-40-44-46-45-48-51-50-52-49|67-65-63-62-74-72-61-64-68-66|57-55-54-53-56-58-60-59|32-33-31-35-37-38-39-36-34|13-17-18-19-15-16-14-12
115,10,849.6407,0.0,50.0,1143.9891,0,10,1.424264,1.423547,True,20-24-25-27-29-30-28-26-23-22-21|81-78-76-71-70-73-77-79-80-69-47|90-87-86-83-82-84-85-88-89-91|5-3-7-8-10-11-9-6-4-2-1-75|43-42-41-40-44-46-45-48-51-50-52-49|57-55-54-53-56-58-60-59|32-33-31-35-37-38-39-36-34|98-96-95-94-92-93-97-100-99|67-65-63-62-74-72-61-64-68-66|13-17-18-19-15-16-14-12
116,10,849.6407,0.0,50.0,1143.9891,0,10,1.424264,1.423547,True,98-96-95-94-92-93-97-100-99|20-24-25-27-29-30-28-26-23-22-21|81-78-76-71-70-73-77-79-80-69-47|90-87-86-83-82-84-85-88-89-91|5-3-7-8-10-11-9-6-4-2-1-75|43-42-41-40-44-46-45-48-51-50-52-49|67-65-63-62-74-72-61-64-68-66|57-55-54-53-56-58-60-59|32-33-31-35-37-38-39-36-34|13-17-18-19-15-16-14-12
117,10,849.6407,0.0,50.0,1143.9891,0,10,1.424264,1.423547,True,98-96-95-94-92-93-97-100-99|20-24-25-27-29-30-28-26-23-22-21|81-78-76-71-70-73-77-79-80-69-47|90-87-86-83-82-84-85-88-89-91|5-3-7-8-10-11-9-6-4-2-1-75|43-42-41-40-44-46-45-48-51-50-52-49|67-65-63-62-74-72-61-64-68-66|57-55-54-53-56-58-60-59|32-33-31-35-37-38-39-36-34|13-17-18-19-15-16-14-12
118,11,865.4594,908.1338,180.0,1139.6181,0,11,133.20808,133.360973,True,98-96-95-94-92-93-97-100-99|13-17-18-19-15-16-14-12|20-24-25-27-29-30-28-26-23-22-21|32-33-31-35-37-38-39-36-34|43-47|42-41-40-44-46-45-48-51-50-52-49|57-55-54-53-56-58-60-59|67-65-63-62-74-72-61-64-68-66-69|81-78-76-71-70-73-77-79-80|90-87-86-83-82-84-85-88-89-91|5-3-7-8-10-11-9-6-4-2-1-75
119,11,865.4594,908.1338,180.0,1139.6181,0,11,133.20808,133.360973,True,98-96-95-94-92-93-97-100-99|13-17-18-19-15-16-14-12|20-24-25-27-29-30-28-26-23-22-21|32-33-31-35-37-38-39-36-34|43-47|42-41-40-44-46-45-48-51-50-52-49|57-55-54-53-56-58-60-59|67-65-63-62-74-72-61-64-68-66-69|81-78-76-71-70-73-77-79-80|90-87-86-83-82-84-85-88-89-91|5-3-7-8-10-11-9-6-4-2-1-75
120,11,865.9994,903.3672,130.0,1139.6181,0,11,132.493078,132.640418,True,98-96-95-94-92-93-97-100-99|13-17-18-19-15-16-14-12|20-24-25-27-29-30-28-26-23-22-21|32-33-31-35-37-38-39-36-34|43-42-46-47|41-40-44-45-48-51-50-52-49|57-55-54-53-56-58-60-59|67-65-63-62-74-72-61-64-68-66-69|81-78-76-71-70-73-77-79-80|90-87-86-83-82-84-85-88-89-91|5-3-7-8-10-11-9-6-4-2-1-75
121,11,865.9994,903.3672,130.0,1139.6181,0,11,132.493078,132.640418,True,98-96-95-94-92-93-97-100-99|13-17-18-19-15-16-14-12|20-24-25-27-29-30-28-26-23-22-21|32-33-31-35-37-38-39-36-34|43-42-46-47|41-40-44-45-48-51-50-52-49|57-55-54-53-56-58-60-59|67-65-63-62-74-72-61-64-68-66-69|81-78-76-71-70-73-77-79-80|90-87-86-83-82-84-85-88-89-91|5-3-7-8-10-11-9-6-4-2-1-75
122,11,865.9994,903.3672,130.0,1139.6181,0,11,132.493078,132.640418,True,98-96-95-94-92-93-97-100-99|13-17-18-19-15-16-14-12|20-24-25-27-29-30-28-26-23-22-21|32-33-31-35-37-38-39-36-34|43-42-46-47|41-40-44-45-48-51-50-52-49|57-55-54-53-56-58-60-59|67-65-63-62-74-72-61-64-68-66-69|81-78-76-71-70-73-77-79-80|90-87-86-83-82-84-85-88-89-91|5-3-7-8-10-11-9-6-4-2-1-75
123,11,865.9994,903.3672,130.0,1139.6181,0,11,132.493078,132.640418,True,98-96-95-94-92-93-97-100-99|13-17-18-19-15-16-14-12|20-24-25-27-29-30-28-26-23-22-21|32-33-31-35-37-38-39-36-34|43-42-46-47|41-40-44-45-48-51-50-52-49|57-55-54-53-56-58-60-59|67-65-63-62-74-72-61-64-68-66-69|81-78-76-71-70-73-77-79-80|90-87-86-83-82-84-85-88-89-91|5-3-7-8-10-11-9-6-4-2-1-75
124,11,865.9994,903.3672,130.0,1139.6181,0,11,132.493078,132.640418,True,98-96-95-94-92-93-97-100-99|13-17-18-19-15-16-14-12|20-24-25-27-29-30-28-26-23-22-21|32-33-31-35-37-38-39-36-34|43-42-46-47|41-40-44-45-48-51-50-52-49|57-55-54-53-56-58-60-59|67-65-63-62-74-72-61-64-68-66-69|81-78-76-71-70-73-77-79-80|90-87-86-83-82-84-85-88-89-91|5-3-7-8-10-11-9-6-4-2-1-75
125,11,865.9994,903.3672,130.0,1139.6181,0,11,132.493078,132.640418,True,98-96-95-94-92-93-97-100-99|13-17-18-19-15-16-14-12|20-24-25-27-29-30-28-26-23-22-21|32-33-31-35-37-38-39-36-34|43-42-46-47|41-40-44-45-48-51-50-52-49|57-55-54-53-56-58-60-59|67-65-63-62-74-72-61-64-68-66-69|81-78-76-71-70-73-77-79-80|90-87-86-83-82-84-85-88-89-91|5-3-7-8-10-11-9-6-4-2-1-75
126,11,865.9994,903.3672,130.0,1139.6181,0,11,132.493078,132.640418,True,98-96-95-94-92-93-97-100-99|13-17-18-19-15-16-14-12|20-24-25-27-29-30-28-26-23-22-21|32-33-31-35-37-38-39-36-34|43-42-46-47|41-40-44-45-48-51-50-52-49|57-55-54-53-56-58-60-59|67-65-63-62-74-72-61-64-68-66-69|81-78-76-71-70-73-77-79-80|90-87-86-83-82-84-85-88-89-91|5-3-7-8-10-11-9-6-4-2-1-75
127,11,865.9994,903.3672,130.0,1139.6181,0,11,132.493078,132.640418,True,98-96-95-94-92-93-97-100-99|13-17-18-19-15-16-14-12|20-24-25-27-29-30-28-26-23-22-21|32-33-31-35-37-38-39-36-34|43-42-46-47|41-40-44-45-48-51-50-52-49|57-55-54-53-56-58-60-59|67-65-63-62-74-72-61-64-68-66-69|81-78-76-71-70-73-77-79-80|90-87-86-83-82-84-85-88-89-91|5-3-7-8-10-11-9-6-4-2-1-75
128,11,865.9994,903.3672,130.0,1139.6181,0,11,132.493078,132.640418,True,98-96-95-94-92-93-97-100-99|13-17-18-19-15-16-14-12|20-24-25-27-29-30-28-26-23-22-21|32-33-31-35-37-38-39-36-34|43-42-46-47|41-40-44-45-48-51-50-52-49|57-55-54-53-56-58-60-59|67-65-63-62-74-72-61-64-68-66-69|81-78-76-71-70-73-77-79-80|90-87-86-83-82-84-85-88-89-91|5-3-7-8-10-11-9-6-4-2-1-75
129,11,865.9994,903.3672,130.0,1139.6181,0,11,132.493078,132.640418,True,98-96-95-94-92-93-97-100-99|13-17-18-19-15-16-14-12|20-24-25-27-29-30-28-26-23-22-21|32-33-31-35-37-38-39-36-34|43-42-46-47|41-40-44-45-48-51-50-52-49|57-55-54-53-56-58-60-59|67-65-63-62-74-72-61-64-68-66-69|81-78-76-71-70-73-77-79-80|90-87-86-83-82-84-85-88-89-91|5-3-7-8-10-11-9-6-4-2-1-75
130,11,865.9994,903.3672,130.0,1139.6181,0,11,132.493078,132.640418,True,98-96-95-94-92-93-97-100-99|13-17-18-19-15-16-14-12|20-24-25-27-29-30-28-26-23-22-21|32-33-31-35-37-38-39-36-34|43-42-46-47|41-40-44-45-48-51-50-52-49|57-55-54-53-56-58-60-59|67-65-63-62-74-72-61-64-68-66-69|81-78-76-71-70-73-77-79-80|90-87-86-83-82-84-85-88-89-91|5-3-7-8-10-11-9-6-4-2-1-75
131,11,865.9994,903.3672,130.0,1139.6181,0,11,132.493078,132.640418,True,98-96-95-94-92-93-97-100-99|13-17-18-19-15-16-14-12|20-24-25-27-29-30-28-26-23-22-21|32-33-31-35-37-38-39-36-34|43-42-46-47|41-40-44-45-48-51-50-52-49|57-55-54-53-56-58-60-59|67-65-63-62-74-72-61-64-68-66-69|81-78-76-71-70-73-77-79-80|90-87-86-83-82-84-85-88-89-91|5-3-7-8-10-11-9-6-4-2-1-75
132,11,865.9994,903.3672,130.0,1139.6181,0,11,132.493078,132.640418,True,98-96-95-94-92-93-97-100-99|13-17-18-19-15-16-14-12|20-24-25-27-29-30-28-26-23-22-21|32-33-31-35-37-38-39-36-34|43-42-46-47|41-40-44-45-48-51-50-52-49|57-55-54-53-56-58-60-59|67-65-63-62-74-72-61-64-68-66-69|81-78-76-71-70-73-77-79-80|90-87-86-83-82-84-85-88-89-91|5-3-7-8-10-11-9-6-4-2-1-75
133,11,865.9994,903.3672,130.0,1139.6181,0,11,132.493078,132.640418,True,98-96-95-94-92-93-97-100-99|13-17-18-19-15-16-14-12|20-24-25-27-29-30-28-26-23-22-21|32-33-31-35-37-38-39-36-34|43-42-46-47|41-40-44-45-48-51-50-52-49|57-55-54-53-56-58-60-59|67-65-63-62-74-72-61-64-68-66-69|81-78-76-71-70-73-77-79-80|90-87-86-83-82-84-85-88-89-91|5-3-7-8-10-11-9-6-4-2-1-75
134,11,865.9994,903.3672,130.0,1139.6181,0,11,132.493078,132.640418,True,98-96-95-94-92-93-97-100-99|13-17-18-19-15-16-14-12|20-24-25-27-29-30-28-26-23-22-21|32-33-31-35-37-38-39-36-34|43-42-46-47|41-40-44-45-48-51-50-52-49|57-55-54-53-56-58-60-59|67-65-63-62-74-72-61-64-68-66-69|81-78-76-71-70-73-77-79-80|90-87-86-83-82-84-85-88-89-91|5-3-7-8-10-11-9-6-4-2-1-75
135,11,865.9994,903.3672,130.0,1139.6181,0,11,132.493078,132.640418,True,98-96-95-94-92-93-97-100-99|13-17-18-19-15-16-14-12|20-24-25-27-29-30-28-26-23-22-21|32-33-31-35-37-38-39-36-34|43-42-46-47|41-40-44-45-48-51-50-52-49|57-55-54-53-56-58-60-59|67-65-63-62-74-72-61-64-68-66-69|81-78-76-71-70-73-77-79-80|90-87-86-83-82-84-85-88-89-91|5-3-7-8-10-11-9-6-4-2-1-75
136,11,865.9994,903.3672,130.0,1139.6181,0,11,132.493078,132.640418,True,98-96-95-94-92-93-97-100-99|13-17-18-19-15-16-14-12|20-24-25-27-29-30-28-26-23-22-21|32-33-31-35-37-38-39-36-34|43-42-46-47|41-40-44-45-48-51-50-52-49|57-55-54-53-56-58-60-59|67-65-63-62-74-72-61-64-68-66-69|81-78-76-71-70-73-77-79-80|90-87-86-83-82-84-85-88-89-91|5-3-7-8-10-11-9-6-4-2-1-75
137,11,865.9994,903.3672,130.0,1139.6181,0,11,132.493078,132.640418,True,98-96-95-94-92-93-97-100-99|13-17-18-19-15-16-14-12|20-24-25-27-29-30-28-26-23-22-21|32-33-31-35-37-38-39-36-34|43-42-46-47|41-40-44-45-48-51-50-52-49|57-55-54-53-56-58-60-59|67-65-63-62-74-72-61-64-68-66-69|81-78-76-71-70-73-77-79-80|90-87-86-83-82-84-85-88-89-91|5-3-7-8-10-11-9-6-4-2-1-75
138,11,865.9994,903.3672,130.0,1139.6181,0,11,132.493078,132.640418,True,98-96-95-94-92-93-97-100-99|13-17-18-19-15-16-14-12|20-24-25-27-29-30-28-26-23-22-21|32-33-31-35-37-38-39-36-34|43-42-46-47|41-40-44-45-48-51-50-52-49|57-55-54-53-56-58-60-59|67-65-63-62-74-72-61-64-68-66-69|81-78-76-71-70-73-77-79-80|90-87-86-83-82-84-85-88-89-91|5-3-7-8-10-11-9-6-4-2-1-75
139,11,865.9994,903.3672,130.0,1139.6181,0,11,132.493078,132.640418,True,98-96-95-94-92-93-97-100-99|13-17-18-19-15-16-14-12|20-24-25-27-29-30-28-26-23-22-21|32-33-31-35-37-38-39-36-34|43-42-46-47|41-40-44-45-48-51-50-52-49|57-55-54-53-56-58-60-59|67-65-63-62-74-72-61-64-68-66-69|81-78-76-71-70-73-77-79-80|90-87-86-83-82-84-85-88-89-91|5-3-7-8-10-11-9-6-4-2-1-75
140,11,865.9994,903.3672,130.0,1139.6181,0,11,132.493078,132.640418,True,98-96-95-94-92-93-97-100-99|13-17-18-19-15-16-14-12|20-24-25-27-29-30-28-26-23-22-21|32-33-31-35-37-38-39-36-34|43-42-46-47|41-40-44-45-48-51-50-52-49|57-55-54-53-56-58-60-59|67-65-63-62-74-72-61-64-68-66-69|81-78-76-71-70-73-77-79-80|90-87-86-83-82-84-85-88-89-91|5-3-7-8-10-11-9-6-4-2-1-75
141,11,865.9994,903.3672,130.0,1139.6181,0,11,132.493078,132.640418,True,98-96-95-94-92-93-97-100-99|13-17-18-19-15-16-14-12|20-24-25-27-29-30-28-26-23-22-21|32-33-31-35-37-38-39-36-34|43-42-46-47|41-40-44-45-48-51-50-52-49|57-55-54-53-56-58-60-59|67-65-63-62-74-72-61-64-68-66-69|81-78-76-71-70-73-77-79-80|90-87-86-83-82-84-85-88-89-91|5-3-7-8-10-11-9-6-4-2-1-75
142,11,865.9994,903.3672,130.0,1139.6181,0,11,132.493078,132.640418,True,13-17-18-19-15-16-14-12|20-24-25-27-29-30-28-26-23-22-21|32-33-31-35-37-38-39-36-34|43-42-46-47|41-40-44-45-48-51-50-52-49|57-55-54-53-56-58-60-59|67-65-63-62-74-72-61-64-68-66-69|81-78-76-71-70-73-77-79-80|90-87-86-83-82-84-85-88-89-91|5-3-7-8-10-11-9-6-4-2-1-75|98-96-95-94-92-93-97-100-99
143,11,865.9994,903.3672,130.0,1139.6181,0,11,132.493078,132.640418,True,5-3-7-8-10-11-9-6-4-2-1-75|13-17-18-19-15-16-14-12|20-24-25-27-29-30-28-26-23-22-21|32-33-31-35-37-38-39-36-34|43-42-46-47|41-40-44-45-48-51-50-52-49|57-55-54-53-56-58-60-59|67-65-63-62-74-72-61-64-68-66-69|81-78-76-71-70-73-77-79-80|90-87-86-83-82-84-85-88-89-91|98-96-95-94-92-93-97-100-99
144,11,865.9994,903.3672,130.0,1139.6181,0,11,132.493078,132.640418,True,5-3-7-8-10-11-9-6-4-2-1-75|13-17-18-19-15-16-14-12|20-24-25-27-29-30-28-26-23-22-21|32-33-31-35-37-38-39-36-34|43-42-46-47|41-40-44-45-48-51-50-52-49|57-55-54-53-56-58-60-59|67-65-63-62-74-72-61-64-68-66-69|81-78-76-71-70-73-77-79-80|90-87-86-83-82-84-85-88-89-91|98-96-95-94-92-93-97-100-99
145,11,865.9994,903.3672,130.0,1139.6181,0,11,132.493078,132.640418,True,98-96-95-94-92-93-97-100-99|13-17-18-19-15-16-14-12|20-24-25-27-29-30-28-26-23-22-21|32-33-31-35-37-38-39-36-34|43-42-46-47|41-40-44-45-48-51-50-52-49|57-55-54-53-56-58-60-59|67-65-63-62-74-72-61-64-68-66-69|81-78-76-71-70-73-77-79-80|90-87-86-83-82-84-85-88-89-91|5-3-7-8-10-11-9-6-4-2-1-75
146,11,865.9994,903.3672,130.0,1139.6181,0,11,132.493078,132.640418,True,13-17-18-19-15-16-14-12|20-24-25-27-29-30-28-26-23-22-21|32-33-31-35-37-38-39-36-34|43-42-46-47|41-40-44-45-48-51-50-52-49|57-55-54-53-56-58-60-59|67-65-63-62-74-72-61-64-68-66-69|81-78-76-71-70-73-77-79-80|90-87-86-83-82-84-85-88-89-91|5-3-7-8-10-11-9-6-4-2-1-75|98-96-95-94-92-93-97-100-99
147,11,865.9994,903.3672,130.0,1139.6181,0,11,132.493078,132.640418,True,98-96-95-94-92-93-97-100-99|13-17-18-19-15-16-14-12|20-24-25-27-29-30-28-26-23-22-21|32-33-31-35-37-38-39-36-34|43-42-46-47|41-40-44-45-48-51-50-52-49|57-55-54-53-56-58-60-59|67-65-63-62-74-72-61-64-68-66-69|81-78-76-71-70-73-77-79-80|90-87-86-83-82-84-85-88-89-91|5-3-7-8-10-11-9-6-4-2-1-75
148,11,865.9994,903.3672,130.0,1139.6181,0,11,132.493078,132.640418,True,98-96-95-94-92-93-97-100-99|13-17-18-19-15-16-14-12|20-24-25-27-29-30-28-26-23-22-21|32-33-31-35-37-38-39-36-34|43-42-46-47|41-40-44-45-48-51-50-52-49|57-55-54-53-56-58-60-59|67-65-63-62-74-72-61-64-68-66-69|81-78-76-71-70-73-77-79-80|90-87-86-83-82-84-85-88-89-91|5-3-7-8-10-11-9-6-4-2-1-75
149,11,865.9994,903.3672,130.0,1139.6181,0,11,132.493078,132.640418,True,98-96-95-94-92-93-97-100-99|13-17-18-19-15-16-14-12|20-24-25-27-29-30-28-26-23-22-21|32-33-31-35-37-38-39-36-34|43-42-46-47|41-40-44-45-48-51-50-52-49|57-55-54-53-56-58-60-59|67-65-63-62-74-72-61-64-68-66-69|81-78-76-71-70-73-77-79-80|90-87-86-83-82-84-85-88-89-91|5-3-7-8-10-11-9-6-4-2-1-75
150,11,865.9994,903.3672,130.0,1139.6181,0,11,132.493078,132.640418,True,98-96-95-94-92-93-97-100-99|13-17-18-19-15-16-14-12|20-24-25-27-29-30-28-26-23-22-21|32-33-31-35-37-38-39-36-34|43-42-46-47|41-40-44-45-48-51-50-52-49|57-55-54-53-56-58-60-59|67-65-63-62-74-72-61-64-68-66-69|81-78-76-71-70-73-77-79-80|90-87-86-83-82-84-85-88-89-91|5-3-7-8-10-11-9-6-4-2-1-75
151,11,865.9994,903.3672,130.0,1139.6181,0,11,132.493078,132.640418,True,5-3-7-8-10-11-9-6-4-2-1-75|13-17-18-19-15-16-14-12|20-24-25-27-29-30-28-26-23-22-21|32-33-31-35-37-38-39-36-34|43-42-46-47|41-40-44-45-48-51-50-52-49|57-55-54-53-56-58-60-59|67-65-63-62-74-72-61-64-68-66-69|81-78-76-71-70-73-77-79-80|90-87-86-83-82-84-85-88-89-91|98-96-95-94-92-93-97-100-99
152,11,865.9994,903.3672,130.0,1139.6181,0,11,132.493078,132.640418,True,98-96-95-94-92-93-97-100-99|13-17-18-19-15-16-14-12|20-24-25-27-29-30-28-26-23-22-21|32-33-31-35-37-38-39-36-34|43-42-46-47|41-40-44-45-48-51-50-52-49|57-55-54-53-56-58-60-59|67-65-63-62-74-72-61-64-68-66-69|81-78-76-71-70-73-77-79-80|90-87-86-83-82-84-85-88-89-91|5-3-7-8-10-11-9-6-4-2-1-75
153,11,865.9994,903.3672,130.0,1139.6181,0,11,132.493078,132.640418,True,98-96-95-94-92-93-97-100-99|13-17-18-19-15-16-14-12|20-24-25-27-29-30-28-26-23-22-21|32-33-31-35-37-38-39-36-34|43-42-46-47|41-40-44-45-48-51-50-52-49|57-55-54-53-56-58-60-59|67-65-63-62-74-72-61-64-68-66-69|81-78-76-71-70-73-77-79-80|90-87-86-83-82-84-85-88-89-91|5-3-7-8-10-11-9-6-4-2-1-75
154,11,865.9994,903.3672,130.0,1139.6181,0,11,132.493078,132.640418,True,98-96-95-94-92-93-97-100-99|13-17-18-19-15-16-14-12|20-24-25-27-29-30-28-26-23-22-21|32-33-31-35-37-38-39-36-34|43-42-46-47|41-40-44-45-48-51-50-52-49|57-55-54-53-56-58-60-59|67-65-63-62-74-72-61-64-68-66-69|81-78-76-71-70-73-77-79-80|90-87-86-83-82-84-85-88-89-91|5-3-7-8-10-11-9-6-4-2-1-75
155,11,865.9994,903.3672,130.0,1139.6181,0,11,132.493078,132.640418,True,98-96-95-94-92-93-97-100-99|13-17-18-19-15-16-14-12|20-24-25-27-29-30-28-26-23-22-21|32-33-31-35-37-38-39-36-34|43-42-46-47|41-40-44-45-48-51-50-52-49|57-55-54-53-56-58-60-59|67-65-63-62-74-72-61-64-68-66-69|81-78-76-71-70-73-77-79-80|90-87-86-83-82-84-85-88-89-91|5-3-7-8-10-11-9-6-4-2-1-75
156,11,866.2205,926.3272,180.0,1090.0278,0,11,135.937077,136.085488,True,5-3-7-8-10-11-9-6-4-2-75|13-17-18-19-15-16-14-12|20-24-25-27-29-30-28-26-23-22-21|32-33-31-35-37-38-39-36-34|43-47|42-41-40-44-46-45-48-51-50-52-49|57-55-54-53-56-58-60-59|67-65-63-62-74-72-61-64-68-66-69|81-78-76-71-70-73-77-79-80|90-87-86-83-82-84-85-88-89-91|98-96-95-94-92-93-97-100-99-1
157,11,866.2205,926.3272,180.0,1090.0278,0,11,135.937077,136.085488,True,5-3-7-8-10-11-9-6-4-2-75|13-17-18-19-15-16-14-12|20-24-25-27-29-30-28-26-23-22-21|32-33-31-35-37-38-39-36-34|43-47|42-41-40-44-46-45-48-51-50-52-49|57-55-54-53-56-58-60-59|67-65-63-62-74-72-61-64-68-66-69|81-78-76-71-70-73-77-79-80|90-87-86-83-82-84-85-88-89-91|98-96-95-94-92-93-97-100-99-1
158,11,866.2205,926.3272,180.0,1090.0278,0,11,135.937077,136.085488,True,5-3-7-8-10-11-9-6-4-2-75|13-17-18-19-15-16-14-12|20-24-25-27-29-30-28-26-23-22-21|32-33-31-35-37-38-39-36-34|43-47|42-41-40-44-46-45-48-51-50-52-49|57-55-54-53-56-58-60-59|67-65-63-62-74-72-61-64-68-66-69|81-78-76-71-70-73-77-79-80|90-87-86-83-82-84-85-88-89-91|98-96-95-94-92-93-97-100-99-1
159,11,866.2205,926.3272,180.0,1090.0278,0,11,135.937077,136.085488,True,5-3-7-8-10-11-9-6-4-2-75|13-17-18-19-15-16-14-12|20-24-25-27-29-30-28-26-23-22-21|32-33-31-35-37-38-39-36-34|43-47|42-41-40-44-46-45-48-51-50-52-49|57-55-54-53-56-58-60-59|67-65-63-62-74-72-61-64-68-66-69|81-78-76-71-70-73-77-79-80|90-87-86-83-82-84-85-88-89-91|98-96-95-94-92-93-97-100-99-1
160,11,866.2205,926.3272,180.0,1090.0278,0,11,135.937077,136.085488,True,5-3-7-8-10-11-9-6-4-2-75|13-17-18-19-15-16-14-12|20-24-25-27-29-30-28-26-23-22-21|32-33-31-35-37-38-39-36-34|43-47|42-41-40-44-46-45-48-51-50-52-49|57-55-54-53-56-58-60-59|67-65-63-62-74-72-61-64-68-66-69|81-78-76-71-70-73-77-79-80|90-87-86-83-82-84-85-88-89-91|98-96-95-94-92-93-97-100-99-1
161,11,866.7604,921.5605,130.0,1090.0278,0,11,135.222075,135.364933,True,5-3-7-8-10-11-9-6-4-2-75|13-17-18-19-15-16-14-12|20-24-25-27-29-30-28-26-23-22-21|32-33-31-35-37-38-39-36-34|43-42-46-47|41-40-44-45-48-51-50-52-49|57-55-54-53-56-58-60-59|67-65-63-62-74-72-61-64-68-66-69|81-78-76-71-70-73-77-79-80|90-87-86-83-82-84-85-88-89-91|98-96-95-94-92-93-97-100-99-1
162,11,866.7604,921.5605,130.0,1090.0278,0,11,135.222075,135.364933,True,5-3-7-8-10-11-9-6-4-2-75|13-17-18-19-15-16-14-12|20-24-25-27-29-30-28-26-23-22-21|32-33-31-35-37-38-39-36-34|43-42-46-47|41-40-44-45-48-51-50-52-49|57-55-54-53-56-58-60-59|67-65-63-62-74-72-61-64-68-66-69|81-78-76-71-70-73-77-79-80|90-87-86-83-82-84-85-88-89-91|98-96-95-94-92-93-97-100-99-1
163,11,866.7604,921.5605,130.0,1090.0278,0,11,135.222075,135.364933,True,5-3-7-8-10-11-9-6-4-2-75|13-17-18-19-15-16-14-12|20-24-25-27-29-30-28-26-23-22-21|32-33-31-35-37-38-39-36-34|43-42-46-47|41-40-44-45-48-51-50-52-49|57-55-54-53-56-58-60-59|67-65-63-62-74-72-61-64-68-66-69|81-78-76-71-70-73-77-79-80|90-87-86-83-82-84-85-88-89-91|98-96-95-94-92-93-97-100-99-1
164,11,866.7604,921.5605,130.0,1090.0278,0,11,135.222075,135.364933,True,5-3-7-8-10-11-9-6-4-2-75|13-17-18-19-15-16-14-12|20-24-25-27-29-30-28-26-23-22-21|32-33-31-35-37-38-39-36-34|43-42-46-47|41-40-44-45-48-51-50-52-49|57-55-54-53-56-58-60-59|67-65-63-62-74-72-61-64-68-66-69|81-78-76-71-70-73-77-79-80|90-87-86-83-82-84-85-88-89-91|98-96-95-94-92-93-97-100-99-1
165,11,866.7604,921.5605,130.0,1090.0278,0,11,135.222075,135.364933,True,5-3-7-8-10-11-9-6-4-2-75|13-17-18-19-15-16-14-12|20-24-25-27-29-30-28-26-23-22-21|32-33-31-35-37-38-39-36-34|43-42-46-47|41-40-44-45-48-51-50-52-49|57-55-54-53-56-58-60-59|67-65-63-62-74-72-61-64-68-66-69|81-78-76-71-70-73-77-79-80|90-87-86-83-82-84-85-88-89-91|98-96-95-94-92-93-97-100-99-1
166,11,866.7604,921.5605,130.0,1090.0278,0,11,135.222075,135.364933,True,5-3-7-8-10-11-9-6-4-2-75|13-17-18-19-15-16-14-12|20-24-25-27-29-30-28-26-23-22-21|32-33-31-35-37-38-39-36-34|43-42-46-47|41-40-44-45-48-51-50-52-49|57-55-54-53-56-58-60-59|67-65-63-62-74-72-61-64-68-66-69|81-78-76-71-70-73-77-79-80|90-87-86-83-82-84-85-88-89-91|98-96-95-94-92-93-97-100-99-1
167,11,866.7604,921.5605,130.0,1090.0278,0,11,135.222075,135.364933,True,5-3-7-8-10-11-9-6-4-2-75|13-17-18-19-15-16-14-12|20-24-25-27-29-30-28-26-23-22-21|32-33-31-35-37-38-39-36-34|43-42-46-47|41-40-44-45-48-51-50-52-49|57-55-54-53-56-58-60-59|67-65-63-62-74-72-61-64-68-66-69|81-78-76-71-70-73-77-79-80|90-87-86-83-82-84-85-88-89-91|98-96-95-94-92-93-97-100-99-1
168,11,866.7604,921.5605,130.0,1090.0278,0,11,135.222075,135.364933,True,5-3-7-8-10-11-9-6-4-2-75|13-17-18-19-15-16-14-12|20-24-25-27-29-30-28-26-23-22-21|32-33-31-35-37-38-39-36-34|43-42-46-47|41-40-44-45-48-51-50-52-49|57-55-54-53-56-58-60-59|67-65-63-62-74-72-61-64-68-66-69|81-78-76-71-70-73-77-79-80|90-87-86-83-82-84-85-88-89-91|98-96-95-94-92-93-97-100-99-1
169,11,866.7604,921.5605,130.0,1090.0278,0,11,135.222075,135.364933,True,5-3-7-8-10-11-9-6-4-2-75|13-17-18-19-15-16-14-12|20-24-25-27-29-30-28-26-23-22-21|32-33-31-35-37-38-39-36-34|43-42-46-47|41-40-44-45-48-51-50-52-49|57-55-54-53-56-58-60-59|67-65-63-62-74-72-61-64-68-66-69|81-78-76-71-70-73-77-79-80|90-87-86-83-82-84-85-88-89-91|98-96-95-94-92-93-97-100-99-1
170,11,866.7604,921.5605,130.0,1090.0278,0,11,135.222075,135.364933,True,5-3-7-8-10-11-9-6-4-2-75|13-17-18-19-15-16-14-12|20-24-25-27-29-30-28-26-23-22-21|32-33-31-35-37-38-39-36-34|43-42-46-47|41-40-44-45-48-51-50-52-49|57-55-54-53-56-58-60-59|67-65-63-62-74-72-61-64-68-66-69|81-78-76-71-70-73-77-79-80|90-87-86-83-82-84-85-88-89-91|98-96-95-94-92-93-97-100-99-1
171,11,866.7604,921.5605,130.0,1090.0278,0,11,135.222075,135.364933,True,5-3-7-8-10-11-9-6-4-2-75|13-17-18-19-15-16-14-12|20-24-25-27-29-30-28-26-23-22-21|32-33-31-35-37-38-39-36-34|43-42-46-47|41-40-44-45-48-51-50-52-49|57-55-54-53-56-58-60-59|67-65-63-62-74-72-61-64-68-66-69|81-78-76-71-70-73-77-79-80|90-87-86-83-82-84-85-88-89-91|98-96-95-94-92-93-97-100-99-1
172,11,866.8737,902.4929,150.0,1139.6181,0,11,132.361932,132.511403,True,98-96-95-94-92-93-97-100-99|13-17-18-19-15-16-14-12|20-24-25-27-29-30-28-26-23-22-21|32-33-31-35-37-38-39-36-34|43-46-47|42-41-40-44-45-48-51-50-52-49|57-55-54-53-56-58-60-59|67-65-63-62-74-72-61-64-68-66-69|81-78-76-71-70-73-77-79-80|90-87-86-83-82-84-85-88-89-91|5-3-7-8-10-11-9-6-4-2-1-75
173,11,866.8737,902.4929,150.0,1139.6181,0,11,132.361932,132.511403,True,98-96-95-94-92-93-97-100-99|13-17-18-19-15-16-14-12|20-24-25-27-29-30-28-26-23-22-21|32-33-31-35-37-38-39-36-34|43-46-47|42-41-40-44-45-48-51-50-52-49|57-55-54-53-56-58-60-59|67-65-63-62-74-72-61-64-68-66-69|81-78-76-71-70-73-77-79-80|90-87-86-83-82-84-85-88-89-91|5-3-7-8-10-11-9-6-4-2-1-75
174,11,867.2366,902.1299,140.0,1139.6181,0,11,132.307495,132.456021,True,98-96-95-94-92-93-97-100-99|13-17-18-19-15-16-14-12|20-24-25-27-29-30-28-26-23-22-21|32-33-31-35-37-38-39-36-34|42-46-47|43-41-40-44-45-48-51-50-52-49|57-55-54-53-56-58-60-59|67-65-63-62-74-72-61-64-68-66-69|81-78-76-71-70-73-77-79-80|90-87-86-83-82-84-85-88-89-91|5-3-7-8-10-11-9-6-4-2-1-75
175,11,867.2366,902.1299,140.0,1139.6181,0,11,132.307495,132.456021,True,98-96-95-94-92-93-97-100-99|13-17-18-19-15-16-14-12|20-24-25-27-29-30-28-26-23-22-21|32-33-31-35-37-38-39-36-34|42-46-47|43-41-40-44-45-48-51-50-52-49|57-55-54-53-56-58-60-59|67-65-63-62-74-72-61-64-68-66-69|81-78-76-71-70-73-77-79-80|90-87-86-83-82-84-85-88-89-91|5-3-7-8-10-11-9-6-4-2-1-75
176,11,867.4333,901.9332,130.0,1139.6181,0,11,132.277981,132.425536,True,98-96-95-94-92-93-97-100-99|13-17-18-19-15-16-14-12|20-24-25-27-29-30-28-26-23-22-21|32-33-31-35-37-38-39-36-34|41-40-44-46-47|43-42-45-48-51-50-52-49|57-55-54-53-56-58-60-59|67-65-63-62-74-72-61-64-68-66-69|81-78-76-71-70-73-77-79-80|90-87-86-83-82-84-85-88-89-91|5-3-7-8-10-11-9-6-4-2-1-75
177,11,867.4333,901.9332,130.0,1139.6181,0,11,132.277981,132.425536,True,98-96-95-94-92-93-97-100-99|13-17-18-19-15-16-14-12|20-24-25-27-29-30-28-26-23-22-21|32-33-31-35-37-38-39-36-34|41-40-44-46-47|43-42-45-48-51-50-52-49|57-55-54-53-56-58-60-59|67-65-63-62-74-72-61-64-68-66-69|81-78-76-71-70-73-77-79-80|90-87-86-83-82-84-85-88-89-91|5-3-7-8-10-11-9-6-4-2-1-75
178,11,867.6347,920.6862,150.0,1090.0278,0,11,135.090929,135.235918,True,5-3-7-8-10-11-9-6-4-2-75|13-17-18-19-15-16-14-12|20-24-25-27-29-30-28-26-23-22-21|32-33-31-35-37-38-39-36-34|43-46-47|42-41-40-44-45-48-51-50-52-49|57-55-54-53-56-58-60-59|67-65-63-62-74-72-61-64-68-66-69|81-78-76-71-70-73-77-79-80|90-87-86-83-82-84-85-88-89-91|98-96-95-94-92-93-97-100-99-1
179,11,867.6347,920.6862,150.0,1090.0278,0,11,135.090929,135.235918,True,5-3-7-8-10-11-9-6-4-2-75|13-17-18-19-15-16-14-12|20-24-25-27-29-30-28-26-23-22-21|32-33-31-35-37-38-39-36-34|43-46-47|42-41-40-44-45-48-51-50-52-49|57-55-54-53-56-58-60-59|67-65-63-62-74-72-61-64-68-66-69|81-78-76-71-70-73-77-79-80|90-87-86-83-82-84-85-88-89-91|98-96-95-94-92-93-97-100-99-1
180,10,876.8391,45.6186,60.0,1139.6181,0,10,9.175228,9.189857,True,20-32-25-27-29-30-28-26-23-22-21|98-96-95-94-92-93-97-100-99|24-33-31-35-37-38-39-36-34-50-49|81-78-76-71-70-73-77-79-80|67-65-63-62-74-72-61-64-68-66-69|43-42-41-40-44-46-45-48-51-52-47|5-3-7-8-10-11-9-6-4-2-1-75|90-87-86-83-82-84-85-88-89-91|57-55-54-53-56-58-60-59|13-17-18-19-15-16-14-12
181,10,876.8391,45.6186,60.0,1139.6181,0,10,9.175228,9.189857,True,20-32-25-27-29-30-28-26-23-22-21|98-96-95-94-92-93-97-100-99|24-33-31-35-37-38-39-36-34-50-49|81-78-76-71-70-73-77-79-80|67-65-63-62-74-72-61-64-68-66-69|43-42-41-40-44-46-45-48-51-52-47|5-3-7-8-10-11-9-6-4-2-1-75|90-87-86-83-82-84-85-88-89-91|57-55-54-53-56-58-60-59|13-17-18-19-15-16-14-12
182,10,884.2188,0.0,40.0,1181.1322,0,10,11.389115,11.403343,True,90-87-86-83-82-84-85-88-89-91|81-78-76-71-70-73-77-79-80-69|67-65-63-62-74-72-61-64-68-66|43-42-41-40-44-46-45-48-34-52-49-47|5-3-7-8-10-11-9-6-4-2-1-75|98-96-95-94-92-93-97-100-99|57-55-54-53-56-58-60-59|32-33-31-35-37-38-39-36-51-50|20-24-25-27-29-30-28-26-23-22-21|13-17-18-19-15-16-14-12
183,10,884.2188,0.0,40.0,1181.1322,0,10,11.389115,11.403343,True,90-87-86-83-82-84-85-88-89-91|81-78-76-71-70-73-77-79-80-69|67-65-63-62-74-72-61-64-68-66|43-42-41-40-44-46-45-48-34-52-49-47|5-3-7-8-10-11-9-6-4-2-1-75|98-96-95-94-92-93-97-100-99|57-55-54-53-56-58-60-59|32-33-31-35-37-38-39-36-51-50|20-24-25-27-29-30-28-26-23-22-21|13-17-18-19-15-16-14-12
184,11,896.0309,826.5289,130.0,1092.8114,0,11,120.967339,121.105142,True,7-8-10-11-9-6-4-2-1-75|13-17-18-19-15-16-14-12|20-24-25-27-29-30-28-26-23-22-21|32-33-31-35-37-38-39-36-34|43-42-46-47|5-3-41-40-44-45-48-51-50-52-49|57-55-54-53-56-58-60-59|67-65-63-62-74-72-61-64-68-66-69|81-78-76-71-70-73-77-79-80|90-87-86-83-82-84-85-88-89-91|98-96-95-94-92-93-97-100-99
185,10,896.2871,10.0,70.0,1143.2598,0,10,15.009618,15.026286,True,20-32-25-27-29-30-28-26-23-22-21|90-87-86-83-82-84-85-88-89-91|24-33-31-35-37-38-39-36-34-52-47|81-78-76-71-70-73-77-79-80-69-49|43-42-41-40-44-46-45-48-51-50|5-3-7-8-10-11-9-6-4-2-1-75|98-96-95-94-92-93-97-100-99|57-55-54-53-56-58-60-59|13-17-18-19-15-16-14-12|67-65-63-62-74-72-61-64-68-66
186,10,896.2871,10.0,70.0,1143.2598,0,10,15.009618,15.026286,True,20-32-25-27-29-30-28-26-23-22-21|90-87-86-83-82-84-85-88-89-91|24-33-31-35-37-38-39-36-34-52-47|81-78-76-71-70-73-77-79-80-69-49|43-42-41-40-44-46-45-48-51-50|5-3-7-8-10-11-9-6-4-2-1-75|98-96-95-94-92-93-97-100-99|57-55-54-53-56-58-60-59|13-17-18-19-15-16-14-12|67-65-63-62-74-72-61-64-68-66
187,11,899.8501,822.7098,120.0,1092.8114,0,11,120.394468,120.531843,True,7-8-10-11-9-6-4-2-1-75|13-17-18-19-15-16-14-12|20-24-25-27-29-30-28-26-23-22-21|32-33-31-35-37-38-39-36-34|43-42-40-46-47|5-3-41-44-45-48-51-50-52-49|57-55-54-53-56-58-60-59|67-65-63-62-74-72-61-64-68-66-69|90-87-86-83-82-84-85-88-89-91|98-96-95-94-92-93-97-100-99|81-78-76-71-70-73-77-79-80
188,11,899.8501,822.7098,120.0,1092.8114,0,11,120.394468,120.531843,True,7-8-10-11-9-6-4-2-1-75|13-17-18-19-15-16-14-12|20-24-25-27-29-30-28-26-23-22-21|32-33-31-35-37-38-39-36-34|43-42-40-46-47|5-3-41-44-45-48-51-50-52-49|57-55-54-53-56-58-60-59|67-65-63-62-74-72-61-64-68-66-69|90-87-86-83-82-84-85-88-89-91|98-96-95-94-92-93-97-100-99|81-78-76-71-70-73-77-79-80
189,11,902.5069,820.0529,120.0,1092.8114,0,11,119.995938,120.133713,True,3-8-10-11-9-6-4-2-1-75|13-17-18-19-15-16-14-12|20-24-25-27-29-30-28-26-23-22-21|32-33-31-35-37-38-39-36-34|43-42-40-46-47|5-7-41-44-45-48-51-50-52-49|57-55-54-53-56-58-60-59|67-65-63-62-74-72-61-64-68-66-69|81-78-76-71-70-73-77-79-80|90-87-86-83-82-84-85-88-89-91|98-96-95-94-92-93-97-100-99
190,11,902.5069,820.0529,120.0,1092.8114,0,11,119.995938,120.133713,True,3-8-10-11-9-6-4-2-1-75|13-17-18-19-15-16-14-12|20-24-25-27-29-30-28-26-23-22-21|32-33-31-35-37-38-39-36-34|43-42-40-46-47|5-7-41-44-45-48-51-50-52-49|57-55-54-53-56-58-60-59|67-65-63-62-74-72-61-64-68-66-69|81-78-76-71-70-73-77-79-80|90-87-86-83-82-84-85-88-89-91|98-96-95-94-92-93-97-100-99
191,10,903.1905,89.1221,60.0,1090.0278,0,10,17.08064,17.102262,True,20-32-25-27-29-30-28-26-23-22-21|98-96-95-94-92-93-97-100-99-1|24-33-31-35-37-38-39-36-34-50|81-78-76-71-70-73-77-79-80-49|67-65-63-62-74-72-61-64-68-66-69|43-42-41-40-44-46-45-48-51-52-47|5-3-7-8-10-11-9-6-4-2-75|90-87-86-83-82-84-85-88-89-91|57-55-54-53-56-58-60-59|13-17-18-19-15-16-14-12
192,10,903.1905,89.1221,60.0,1090.0278,0,10,17.08064,17.102262,True,20-32-25-27-29-30-28-26-23-22-21|98-96-95-94-92-93-97-100-99-1|24-33-31-35-37-38-39-36-34-50|81-78-76-71-70-73-77-79-80-49|67-65-63-62-74-72-61-64-68-66-69|43-42-41-40-44-46-45-48-51-52-47|5-3-7-8-10-11-9-6-4-2-75|90-87-86-83-82-84-85-88-89-91|57-55-54-53-56-58-60-59|13-17-18-19-15-16-14-12
193,10,904.6167,0.0,50.0,1143.2598,0,10,17.50851,17.524177,True,20-24-25-27-29-30-28-26-23-22-21|32-33-31-35-37-38-39-36-51-50|81-78-76-71-70-73-77-79-80-69-49|67-65-63-62-74-72-61-64-68-66|43-42-41-40-44-46-45-48-34-52-47|5-3-7-8-10-11-9-6-4-2-1-75|90-87-86-83-82-84-85-88-89-91|98-96-95-94-92-93-97-100-99|57-55-54-53-56-58-60-59|13-17-18-19-15-16-14-12
194,10,904.6167,0.0,50.0,1143.2598,0,10,17.50851,17.524177,True,20-24-25-27-29-30-28-26-23-22-21|32-33-31-35-37-38-39-36-51-50|81-78-76-71-70-73-77-79-80-69-49|67-65-63-62-74-72-61-64-68-66|43-42-41-40-44-46-45-48-34-52-47|5-3-7-8-10-11-9-6-4-2-1-75|90-87-86-83-82-84-85-88-89-91|98-96-95-94-92-93-97-100-99|57-55-54-53-56-58-60-59|13-17-18-19-15-16-14-12
195,10,905.5147,25.3101,50.0,1139.6181,0,10,17.77789,17.797076,True,20-24-25-27-29-30-28-26-23-22-21|32-33-31-35-37-38-39-36-51-50|81-78-76-71-70-73-77-79-80-49|67-65-63-62-74-72-61-64-68-66-69|43-42-41-40-44-46-45-48-34-52-47|5-3-7-8-10-11-9-6-4-2-1-75|90-87-86-83-82-84-85-88-89-91|98-96-95-94-92-93-97-100-99|57-55-54-53-56-58-60-59|13-17-18-19-15-16-14-12
196,10,905.5147,25.3101,50.0,1139.6181,0,10,17.77789,17.797076,True,20-24-25-27-29-30-28-26-23-22-21|32-33-31-35-37-38-39-36-51-50|81-78-76-71-70-73-77-79-80-49|67-65-63-62-74-72-61-64-68-66-69|43-42-41-40-44-46-45-48-34-52-47|5-3-7-8-10-11-9-6-4-2-1-75|90-87-86-83-82-84-85-88-89-91|98-96-95-94-92-93-97-100-99|57-55-54-53-56-58-60-59|13-17-18-19-15-16-14-12
197,10,906.2757,43.5034,50.0,1091.1322,0,10,18.006196,18.021067,True,20-24-25-27-29-30-28-26-23-22-21|98-96-95-94-92-93-97-100-99-1|32-33-31-35-37-38-39-36-51-50|81-78-76-71-70-73-77-79-80-49|67-65-63-62-74-72-61-64-68-66-69|43-42-41-40-44-46-45-48-34-52-47|5-3-7-8-10-11-9-6-4-2-75|90-87-86-83-82-84-85-88-89-91|57-55-54-53-56-58-60-59|13-17-18-19-15-16-14-12
198,10,906.2757,43.5034,50.0,1091.1322,0,10,18.006196,18.021067,True,20-24-25-27-29-30-28-26-23-22-21|98-96-95-94-92-93-97-100-99-1|32-33-31-35-37-38-39-36-51-50|81-78-76-71-70-73-77-79-80-49|67-65-63-62-74-72-61-64-68-66-69|43-42-41-40-44-46-45-48-34-52-47|5-3-7-8-10-11-9-6-4-2-75|57-55-54-53-56-58-60-59|13-17-18-19-15-16-14-12|90-87-86-83-82-84-85-88-89-91
199,10,906.2757,43.5034,50.0,1091.1322,0,10,18.006196,18.021067,True,20-24-25-27-29-30-28-26-23-22-21|98-96-95-94-92-93-97-100-99-1|32-33-31-35-37-38-39-36-51-50|81-78-76-71-70-73-77-79-80-49|67-65-63-62-74-72-61-64-68-66-69|43-42-41-40-44-46-45-48-34-52-47|5-3-7-8-10-11-9-6-4-2-75|90-87-86-83-82-84-85-88-89-91|57-55-54-53-56-58-60-59|13-17-18-19-15-16-14-12
200,10,906.2757,43.5034,50.0,1091.1322,0,10,18.006196,18.021067,True,20-24-25-27-29-30-28-26-23-22-21|98-96-95-94-92-93-97-100-99-1|32-33-31-35-37-38-39-36-51-50|81-78-76-71-70-73-77-79-80-49|67-65-63-62-74-72-61-64-68-66-69|43-42-41-40-44-46-45-48-34-52-47|5-3-7-8-10-11-9-6-4-2-75|90-87-86-83-82-84-85-88-89-91|57-55-54-53-56-58-60-59|13-17-18-19-15-16-14-12
201,10,906.2757,43.5034,50.0,1091.1322,0,10,18.006196,18.021067,True,20-24-25-27-29-30-28-26-23-22-21|98-96-95-94-92-93-97-100-99-1|32-33-31-35-37-38-39-36-51-50|81-78-76-71-70-73-77-79-80-49|67-65-63-62-74-72-61-64-68-66-69|43-42-41-40-44-46-45-48-34-52-47|5-3-7-8-10-11-9-6-4-2-75|90-87-86-83-82-84-85-88-89-91|57-55-54-53-56-58-60-59|13-17-18-19-15-16-14-12
202,10,906.2757,43.5034,50.0,1091.1322,0,10,18.006196,18.021067,True,20-24-25-27-29-30-28-26-23-22-21|98-96-95-94-92-93-97-100-99-1|32-33-31-35-37-38-39-36-51-50|81-78-76-71-70-73-77-79-80-49|67-65-63-62-74-72-61-64-68-66-69|43-42-41-40-44-46-45-48-34-52-47|5-3-7-8-10-11-9-6-4-2-75|90-87-86-83-82-84-85-88-89-91|57-55-54-53-56-58-60-59|13-17-18-19-15-16-14-12
203,10,930.1747,40.279,30.0,1183.2094,0,10,25.175895,25.209263,True,20-24-25-27-29-30-28-26-23-22-21|5-3-7-8-10-11-9-6-4-2-1-75|90-87-86-83-82-84-85-88-89-91|81-78-76-71-70-73-77-79-80-47-49|67-65-63-62-74-72-61-64-68-66-69|43-42-54-40-44-46-45-48-51-50-52|32-33-31-35-37-38-39-36-34|98-96-95-94-92-93-97-100-99|57-55-41-53-56-58-60-59|13-17-18-19-15-16-14-12
204,10,930.1747,40.279,30.0,1183.2094,0,10,25.175895,25.209263,True,20-24-25-27-29-30-28-26-23-22-21|5-3-7-8-10-11-9-6-4-2-1-75|90-87-86-83-82-84-85-88-89-91|81-78-76-71-70-73-77-79-80-47-49|67-65-63-62-74-72-61-64-68-66-69|43-42-54-40-44-46-45-48-51-50-52|32-33-31-35-37-38-39-36-34|98-96-95-94-92-93-97-100-99|57-55-41-53-56-58-60-59|13-17-18-19-15-16-14-12
205,10,930.1747,40.279,30.0,1183.2094,0,10,25.175895,25.209263,True,20-24-25-27-29-30-28-26-23-22-21|5-3-7-8-10-11-9-6-4-2-1-75|90-87-86-83-82-84-85-88-89-91|81-78-76-71-70-73-77-79-80-47-49|67-65-63-62-74-72-61-64-68-66-69|43-42-54-40-44-46-45-48-51-50-52|32-33-31-35-37-38-39-36-34|98-96-95-94-92-93-97-100-99|57-55-41-53-56-58-60-59|13-17-18-19-15-16-14-12
206,10,930.1747,40.279,30.0,1183.2094,0,10,25.175895,25.209263,True,20-24-25-27-29-30-28-26-23-22-21|5-3-7-8-10-11-9-6-4-2-1-75|90-87-86-83-82-84-85-88-89-91|81-78-76-71-70-73-77-79-80-47-49|67-65-63-62-74-72-61-64-68-66-69|43-42-54-40-44-46-45-48-51-50-52|32-33-31-35-37-38-39-36-34|98-96-95-94-92-93-97-100-99|57-55-41-53-56-58-60-59|13-17-18-19-15-16-14-12
207,10,930.1747,40.279,30.0,1183.2094,0,10,25.175895,25.209263,True,20-24-25-27-29-30-28-26-23-22-21|5-3-7-8-10-11-9-6-4-2-1-75|90-87-86-83-82-84-85-88-89-91|81-78-76-71-70-73-77-79-80-47-49|67-65-63-62-74-72-61-64-68-66-69|43-42-54-40-44-46-45-48-51-50-52|32-33-31-35-37-38-39-36-34|98-96-95-94-92-93-97-100-99|57-55-41-53-56-58-60-59|13-17-18-19-15-16-14-12
208,10,931.3639,7.6868,30.0,1193.6795,0,10,25.532661,25.563067,True,20-24-25-27-29-30-28-26-23-22-21|90-87-86-83-82-84-85-88-89-91|81-78-76-71-70-73-77-79-80-69-49|67-65-63-62-74-72-61-64-68-66|42-55-54-40-44-46-45-48-51-50-52-47|32-33-31-35-37-38-39-36-34|98-96-95-94-92-93-97-100-99|43-57-41-53-56-58-60-59|13-17-18-19-15-16-14-12|5-3-7-8-10-11-9-6-4-2-1-75
209,10,931.3639,7.6868,30.0,1193.6795,0,10,25.532661,25.563067,True,20-24-25-27-29-30-28-26-23-22-21|90-87-86-83-82-84-85-88-89-91|81-78-76-71-70-73-77-79-80-69-49|67-65-63-62-74-72-61-64-68-66|42-55-54-40-44-46-45-48-51-50-52-47|32-33-31-35-37-38-39-36-34|98-96-95-94-92-93-97-100-99|43-57-41-53-56-58-60-59|13-17-18-19-15-16-14-12|5-3-7-8-10-11-9-6-4-2-1-75
210,10,935.0566,7.6868,30.0,1148.8563,0,10,26.640481,26.665272,True,20-24-25-27-29-30-28-26-23-22-21|5-3-7-8-10-11-9-6-4-2-1-75|90-87-86-83-82-84-85-88-89-91|98-96-95-94-92-93-97-100-99|81-78-76-71-70-73-77-79-80-52-49|67-65-63-62-74-72-61-64-68-66-69|43-57-41-53-56-58-60-59|42-55-54-40-44-46-45-48-51-50-47|13-17-18-19-15-16-14-12|32-33-31-35-37-38-39-36-34
211,10,935.0566,7.6868,30.0,1148.8563,0,10,26.640481,26.665272,True,20-24-25-27-29-30-28-26-23-22-21|5-3-7-8-10-11-9-6-4-2-1-75|90-87-86-83-82-84-85-88-89-91|98-96-95-94-92-93-97-100-99|81-78-76-71-70-73-77-79-80-52-49|67-65-63-62-74-72-61-64-68-66-69|43-57-41-53-56-58-60-59|42-55-54-40-44-46-45-48-51-50-47|13-17-18-19-15-16-14-12|32-33-31-35-37-38-39-36-34
212,10,935.0566,7.6868,30.0,1148.8563,0,10,26.640481,26.665272,True,20-24-25-27-29-30-28-26-23-22-21|5-3-7-8-10-11-9-6-4-2-1-75|90-87-86-83-82-84-85-88-89-91|98-96-95-94-92-93-97-100-99|81-78-76-71-70-73-77-79-80-52-49|67-65-63-62-74-72-61-64-68-66-69|43-57-41-53-56-58-60-59|42-55-54-40-44-46-45-48-51-50-47|13-17-18-19-15-16-14-12|32-33-31-35-37-38-39-36-34
213,10,935.0566,7.6868,30.0,1148.8563,0,10,26.640481,26.665272,True,20-24-25-27-29-30-28-26-23-22-21|5-3-7-8-10-11-9-6-4-2-1-75|90-87-86-83-82-84-85-88-89-91|98-96-95-94-92-93-97-100-99|81-78-76-71-70-73-77-79-80-52-49|67-65-63-62-74-72-61-64-68-66-69|43-57-41-53-56-58-60-59|42-55-54-40-44-46-45-48-51-50-47|13-17-18-19-15-16-14-12|32-33-31-35-37-38-39-36-34
214,10,935.0566,7.6868,30.0,1148.8563,0,10,26.640481,26.665272,True,20-24-25-27-29-30-28-26-23-22-21|5-3-7-8-10-11-9-6-4-2-1-75|90-87-86-83-82-84-85-88-89-91|81-78-76-71-70-73-77-79-80-52-49|67-65-63-62-74-72-61-64-68-66-69|42-55-54-40-44-46-45-48-51-50-47|32-33-31-35-37-38-39-36-34|98-96-95-94-92-93-97-100-99|43-57-41-53-56-58-60-59|13-17-18-19-15-16-14-12
215,10,935.0566,7.6868,30.0,1148.8563,0,10,26.640481,26.665272,True,20-24-25-27-29-30-28-26-23-22-21|5-3-7-8-10-11-9-6-4-2-1-75|90-87-86-83-82-84-85-88-89-91|98-96-95-94-92-93-97-100-99|81-78-76-71-70-73-77-79-80-52-49|67-65-63-62-74-72-61-64-68-66-69|43-57-41-53-56-58-60-59|42-55-54-40-44-46-45-48-51-50-47|13-17-18-19-15-16-14-12|32-33-31-35-37-38-39-36-34
216,10,935.0566,7.6868,30.0,1148.8563,0,10,26.640481,26.665272,True,20-24-25-27-29-30-28-26-23-22-21|5-3-7-8-10-11-9-6-4-2-1-75|90-87-86-83-82-84-85-88-89-91|98-96-95-94-92-93-97-100-99|81-78-76-71-70-73-77-79-80-52-49|67-65-63-62-74-72-61-64-68-66-69|43-57-41-53-56-58-60-59|42-55-54-40-44-46-45-48-51-50-47|13-17-18-19-15-16-14-12|32-33-31-35-37-38-39-36-34
217,10,964.5335,10.0,50.0,1139.6181,0,10,35.483543,35.518138,True,20-33-25-27-29-30-28-26-23-22-21|24-32-31-35-37-38-39-36-51-50|90-87-86-83-82-84-85-88-89-69-49|43-42-41-40-44-46-45-48-34-52-47|5-3-7-8-10-11-9-6-4-2-1-75|98-96-95-94-92-93-97-100-99-91|57-55-54-53-56-58-60-59|13-17-18-19-15-16-14-12|67-65-63-62-74-72-61-64-68-66|81-78-76-71-70-73-77-79-80
218,10,964.5335,10.0,50.0,1139.6181,0,10,35.483543,35.518138,True,20-33-25-27-29-30-28-26-23-22-21|24-32-31-35-37-38-39-36-51-50|90-87-86-83-82-84-85-88-89-69-49|43-42-41-40-44-46-45-48-34-52-47|5-3-7-8-10-11-9-6-4-2-1-75|98-96-95-94-92-93-97-100-99-91|57-55-54-53-56-58-60-59|13-17-18-19-15-16-14-12|67-65-63-62-74-72-61-64-68-66|81-78-76-71-70-73-77-79-80
219,10,984.7438,25.3101,40.0,1140.5528,0,10,41.546612,41.588707,True,90-87-86-83-82-84-85-88-89-91|81-78-76-71-70-73-77-79-80-49|67-65-63-62-74-72-61-64-68-66-69|43-42-41-40-44-46-60-48-34-52-47|5-3-7-8-10-11-9-6-4-2-1-75|98-96-95-94-92-93-97-100-99|57-55-54-53-56-58-45-59|32-33-31-35-37-38-39-36-51-50|20-24-25-27-29-30-28-26-23-22-21|13-17-18-19-15-16-14-12
220,10,984.7438,25.3101,40.0,1140.5528,0,10,41.546612,41.588707,True,90-87-86-83-82-84-85-88-89-91|81-78-76-71-70-73-77-79-80-49|67-65-63-62-74-72-61-64-68-66-69|43-42-41-40-44-46-60-48-34-52-47|5-3-7-8-10-11-9-6-4-2-1-75|98-96-95-94-92-93-97-100-99|57-55-54-53-56-58-45-59|32-33-31-35-37-38-39-36-51-50|20-24-25-27-29-30-28-26-23-22-21|13-17-18-19-15-16-14-12
221,10,1005.1226,7.6868,20.0,1234.0781,0,10,47.66028,47.717874,True,20-24-25-27-37-30-28-26-23-22-21|5-3-7-8-10-11-9-6-4-2-1-75|90-87-86-83-82-84-85-88-89-91|98-96-95-94-92-93-97-100-99|81-78-76-71-70-73-77-79-80-69-49-47|67-65-63-62-74-72-61-64-68-66|43-57-41-53-56-58-60-59|42-55-54-40-44-46-45-48-51-50-52|13-17-18-19-15-16-14-12|32-33-31-35-29-38-39-36-34
222,10,1005.1226,7.6868,20.0,1234.0781,0,10,47.66028,47.717874,True,20-24-25-27-37-30-28-26-23-22-21|5-3-7-8-10-11-9-6-4-2-1-75|90-87-86-83-82-84-85-88-89-91|98-96-95-94-92-93-97-100-99|81-78-76-71-70-73-77-79-80-69-49-47|67-65-63-62-74-72-61-64-68-66|43-57-41-53-56-58-60-59|42-55-54-40-44-46-45-48-51-50-52|13-17-18-19-15-16-14-12|32-33-31-35-29-38-39-36-34
223,10,1015.8017,0.0,30.0,1143.2598,0,10,50.864006,50.911028,True,32-24-25-27-29-30-28-26-23-22-21|5-3-7-8-10-11-9-6-4-2-1-75|90-87-86-83-82-84-85-88-89-91|98-96-95-94-92-93-97-100-99|20-33-31-35-37-38-39-36-51-50-47|81-78-76-71-70-73-77-79-80-69-49|67-65-63-62-74-72-61-64-68-66|57-42-41-53-56-58-60-59|13-17-18-19-15-16-14-12|43-55-54-40-44-46-45-48-34-52
224,10,1015.8017,0.0,30.0,1143.2598,0,10,50.864006,50.911028,True,32-24-25-27-29-30-28-26-23-22-21|5-3-7-8-10-11-9-6-4-2-1-75|90-87-86-83-82-84-85-88-89-91|98-96-95-94-92-93-97-100-99|20-33-31-35-37-38-39-36-51-50-47|81-78-76-71-70-73-77-79-80-69-49|67-65-63-62-74-72-61-64-68-66|57-42-41-53-56-58-60-59|13-17-18-19-15-16-14-12|43-55-54-40-44-46-45-48-34-52
